{"type": "FeatureCollection", "features": [{"type": "Feature", "id": "Beaufort", "properties": {"district": "Beaufort", "rep_lon": 115.67322008132155, "rep_lat": 5.29885816150005}, "geometry": {"type": "Polygon", "coordinates": [[[115.77205446800008, 5.057997775000047], [115.77012121100006, 5.059538357000065], [115.74803898800008, 5.073430533000021], [115.73757898800011, 5.071115191000047], [115.73002454300001, 5.062432585000067], [115.71491565400004, 5.058380662000047], [115.69399565300012, 5.061274895000054], [115.667264541, 5.08732241000007], [115.6556423190001, 5.108738466000034], [115.64053342900002, 5.125523523000027], [115.63704676200007, 5.131890153000029], [115.6265867620001, 5.136520390000044], [115.61089676200004, 5.139993046000029], [115.59172009400004, 5.156777281000075], [115.57951676100004, 5.163722351000047], [115.57370564900009, 5.161986091000074], [115.57172044800006, 5.15926750400007], [115.5708000940001, 5.182242168000073], [115.57428676100005, 5.188608230000057], [115.58009787200001, 5.179927221000071], [115.59288231700009, 5.181084696000028], [115.5952067610001, 5.186293306000039], [115.59288231700009, 5.190923146000046], [115.5876523170001, 5.194974227000046], [115.5876523170001, 5.205969890000063], [115.59404453900004, 5.214650540000036], [115.59695009500001, 5.225067162000073], [115.58242231600002, 5.214071834000038], [115.56498898300003, 5.188608230000057], [115.5516234270001, 5.183978373000059], [115.54813676000003, 5.189765689000069], [115.55452898200008, 5.201340161000076], [115.54465009300009, 5.203076313000054], [115.52314898100008, 5.203076313000054], [115.51327009200008, 5.206548604000034], [115.50164787000006, 5.207127317000072], [115.4935123140001, 5.215229246000035], [115.48421453600008, 5.218701469000052], [115.46620009100002, 5.230275408000068], [115.44063120100009, 5.240691770000069], [115.43133342300007, 5.248214590000032], [115.42900897800007, 5.259209318000046], [115.43598231200008, 5.260945310000068], [115.44063120100009, 5.275990370000045], [115.4621323130001, 5.29277096800007], [115.47317342400004, 5.307236635000038], [115.47724120200007, 5.317651706000049], [115.48130898000011, 5.335009765000052], [115.48247120200006, 5.370302969000022], [115.48944453600006, 5.392866407000042], [115.49816120300011, 5.405594130000054], [115.50745898100001, 5.409065281000039], [115.59853071700002, 5.518419410000035], [115.65431738500001, 5.521751087000041], [115.65468929600002, 5.541000413000063], [115.67402867500005, 5.540630240000041], [115.69597143100009, 5.536558317000072], [115.74952663200008, 5.531005649000065], [115.77295703300001, 5.532116187000042], [115.80345374500007, 5.539889892000076], [115.81461107900009, 5.518049222000059], [115.82762796800012, 5.506943488000047], [115.83395045700001, 5.505832903000055], [115.83729765700002, 5.502501137000024], [115.86481908000007, 5.461778036000055], [115.8767202360001, 5.432159496000054], [115.87597641400009, 5.418830678000063], [115.8796955250001, 5.416238929000031], [115.889365214, 5.419571176000034], [115.88973712500001, 5.400317942000072], [115.90833268200004, 5.402909760000057], [115.91651472600006, 5.405871823000041], [115.92544059300008, 5.405131308000023], [115.92692823800007, 5.397726114000022], [115.94403614900011, 5.390691096000069], [115.95221819400001, 5.384766807000062], [115.95668112700002, 5.384396537000043], [115.95928450500003, 5.375880266000024], [115.97786852000002, 5.363984099000049], [115.97602050600005, 5.361809643000072], [115.97006992800004, 5.358477080000057], [115.96114406100003, 5.362550210000052], [115.95519348300002, 5.361809643000072], [115.95073055000012, 5.35884736600002], [115.95073055000012, 5.333297125000058], [115.94663952700012, 5.30811613700007], [115.92990352700008, 5.291451682000059], [115.92544059300008, 5.287748409000073], [115.91837428200006, 5.289600048000068], [115.91242370400005, 5.295525257000065], [115.90238210400003, 5.299598805000073], [115.89680343700002, 5.299598805000073], [115.88676183700011, 5.306264553000062], [115.8789517030001, 5.298117518000026], [115.87188539200008, 5.293303310000056], [115.86370334700007, 5.294414285000073], [115.85254601300005, 5.26367659400006], [115.85143028000005, 5.255528999000035], [115.84176059100002, 5.245529532000035], [115.83134707900001, 5.224048656000036], [115.82539650100011, 5.234789186000057], [115.8205616570001, 5.233307745000047], [115.81498299000009, 5.22701157900002], [115.81089196800008, 5.220715350000035], [115.80754476700008, 5.20849307800006], [115.79601552300005, 5.178862342000059], [115.78746156700004, 5.168120857000076], [115.79006494500004, 5.16256484500002], [115.79489978900006, 5.159231214000044], [115.79750316700006, 5.152934309000045], [115.79564361200005, 5.14960062800003], [115.78634583400003, 5.144044453000049], [115.78151098900003, 5.125893947000066], [115.78411436700003, 5.115892427000063], [115.79080876700004, 5.107742924000036], [115.79229641100005, 5.095888918000071], [115.78894921100004, 5.090332277000073], [115.77890761100002, 5.063659734000055], [115.77518850000001, 5.063289274000056], [115.77205446800008, 5.057997775000047]]]}}, {"type": "Feature", "id": "Beluran", "properties": {"district": "Beluran", "rep_lon": 117.35410534679727, "rep_lat": 6.084631322000035}, "geometry": {"type": "MultiPolygon", "coordinates": [[[[116.917815689, 5.654887058000043], [116.91955902300003, 5.664139514000055], [116.92943791200003, 5.669922224000061], [116.95965569100008, 5.679174439000064], [116.9689534690001, 5.687848256000052], [116.97708902400007, 5.69189599200007], [116.99277902500012, 5.68437874500006], [116.99859013600008, 5.689004755000042], [117.01021235900009, 5.70982133900003], [117.01079347000007, 5.720229348000032], [117.00846902500007, 5.736997408000036], [116.99452235800004, 5.776313682000023], [116.98987346900003, 5.795970797000052], [116.98231902500004, 5.803486572000054], [116.96023680200005, 5.809845995000046], [116.94745235700009, 5.82025217000006], [116.92653235600005, 5.828345728000045], [116.90212568900006, 5.847422938000022], [116.886435688, 5.84973528300003], [116.86435346600001, 5.864765293000062], [116.86842124300006, 5.884997358000021], [116.88353013300002, 5.895980171000076], [116.89573346600002, 5.90176051100002], [116.91432902300005, 5.92661528800005], [116.9230456890001, 5.926037283000028], [116.93641124500004, 5.930083308000064], [116.94687124600011, 5.938753261000045], [116.96256124600006, 5.939331253000034], [116.97476458000006, 5.941643215000056], [116.98696791400005, 5.946267110000065], [116.99568458100009, 5.954358833000072], [117.01195569200002, 5.987302472000067], [117.02009124800009, 5.992503918000068], [117.02648347000002, 5.999439102000053], [117.02997013700008, 6.008107958000039], [117.02997013700008, 6.017932495000025], [117.02648347000002, 6.040470466000045], [117.03984902600007, 6.041626234000034], [117.05786347100002, 6.035847369000066], [117.08110791600006, 6.038736809000056], [117.08924347200002, 6.04220411700004], [117.09156791700002, 6.047405038000022], [117.09156791700002, 6.072253190000026], [117.10900125100011, 6.093055412000069], [117.11365014000012, 6.104034038000066], [117.12120458400011, 6.109234361000063], [117.128177918, 6.111545600000056], [117.1287590290001, 6.117901454000048], [117.11190680600009, 6.136968564000028], [117.1043523620001, 6.15199065500002], [117.09156791700002, 6.185499942000035], [117.08982458300011, 6.195898945000067], [117.08285125000009, 6.196476661000077], [117.07471569400002, 6.188966299000072], [117.06832347200009, 6.186655397000038], [117.0607690270001, 6.188966299000072], [117.04972791500006, 6.196476661000077], [117.03461902600009, 6.201676080000027], [117.03113235900003, 6.208608559000027], [117.00614458100006, 6.24384724500004], [116.99626569200007, 6.254822746000059], [116.99161680300006, 6.254822746000059], [116.9834812470001, 6.250201511000057], [116.9834812470001, 6.265220376000059], [116.97534569100003, 6.265798016000076], [116.96721013500007, 6.26059923300005], [116.96023680200005, 6.265798016000076], [116.95093902400004, 6.266953295000064], [116.9422223570001, 6.265220376000059], [116.9085179110001, 6.294101595000029], [116.90619426, 6.292898654000055], [116.91897791200006, 6.303920843000071], [116.92362680100007, 6.306231228000058], [116.92478902300002, 6.307964010000035], [116.92420791200004, 6.312584732000062], [116.92769457800011, 6.318360577000021], [116.93815457900007, 6.318938158000037], [116.95268235700007, 6.316050247000021], [116.95965569100008, 6.321826054000041], [116.96721013500007, 6.33742040900006], [116.97302124700002, 6.33568772600006], [116.99219791400003, 6.33742040900006], [117.00265791400011, 6.344928635000031], [117.01544235900008, 6.350704118000067], [117.02590235900004, 6.351281663000066], [117.04043013700004, 6.344928635000031], [117.04798458200003, 6.33684284900005], [117.06018791600002, 6.331644777000065], [117.07878347200005, 6.327601796000067], [117.08866236100005, 6.330489643000021], [117.09621680600003, 6.337997969000071], [117.09389236100003, 6.358212150000043], [117.10028458400006, 6.365720072000045], [117.10609569500002, 6.382468118000077], [117.08633791700004, 6.399215616000049], [117.08982458300011, 6.410765295000033], [117.09040569400008, 6.424624565000045], [117.08575680500007, 6.43386386800006], [117.07878347200005, 6.440793235000058], [117.07782633900001, 6.448401915000034], [117.09050438100007, 6.457971678000035], [117.10257342400007, 6.463967873000058], [117.10525543400001, 6.469297764000032], [117.13341653500004, 6.47129645900003], [117.12470000300004, 6.484620888000052], [117.11799497900006, 6.491949174000069], [117.09855041000003, 6.504606871000021], [117.1012324190001, 6.512601042000028], [117.1012324190001, 6.52792284700007], [117.13207553000007, 6.529255156000033], [117.13811005100001, 6.551237737000065], [117.15956612800005, 6.554568347000043], [117.167612157, 6.557232818000045], [117.17498768300004, 6.557898934000036], [117.18705672600004, 6.555234466000059], [117.19979627200007, 6.557898934000036], [117.2111143520001, 6.558058802000062], [117.21712205400001, 6.561469299000066], [117.22098414800007, 6.570421744000043], [117.23128306500007, 6.575537354000062], [117.23514515800002, 6.580226617000051], [117.24158198100008, 6.581505500000048], [117.2471605610001, 6.576389951000067], [117.25703035700008, 6.578521436000074], [117.26046332900012, 6.575963653000031], [117.26604190900002, 6.575537354000062], [117.27076224600012, 6.578947732000074], [117.27247873200008, 6.584063254000057], [117.27247873200008, 6.593867858000067], [117.2780573120001, 6.603672269000072], [117.28706886400005, 6.613050218000069], [117.283635892, 6.616886601000033], [117.28406501300003, 6.619444173000034], [117.28792710700009, 6.621575473000064], [117.283635892, 6.625411789000054], [117.29136008000012, 6.627116809000029], [117.29050183600009, 6.619870434000063], [117.29178920100003, 6.616460338000024], [117.296509538, 6.613902750000022], [117.30251723900005, 6.613902750000022], [117.30466284700003, 6.610066344000074], [117.30809581900007, 6.608361266000031], [117.31238703500003, 6.608787536000023], [117.31367439900009, 6.612623952000035], [117.32268595200003, 6.622001732000058], [117.33298486800004, 6.606656181000062], [117.33985081300011, 6.607934995000051], [117.34199642100009, 6.611345150000034], [117.34800412200002, 6.611771417000057], [117.35057885100002, 6.616886601000033], [117.35572831000002, 6.618591650000042], [117.36087776800002, 6.611345150000034], [117.36988932000008, 6.605803636000076], [117.3780426300001, 6.610066344000074], [117.37975911600006, 6.604524817000026], [117.38791242500008, 6.601967168000044], [117.39563661300008, 6.59642554900006], [117.39520749100006, 6.592162724000048], [117.40035694900007, 6.583210671000074], [117.39949870600003, 6.575111055000036], [117.40250255700005, 6.567011308000076], [117.40679377200001, 6.562321920000045], [117.42310039100005, 6.558911428000044], [117.42481687700001, 6.555074597000043], [117.42910809200009, 6.553369330000066], [117.44069437400003, 6.555927229000076], [117.45056416900002, 6.55550091300006], [117.46172132900006, 6.558911428000044], [117.46086308600002, 6.55166405600005], [117.46343781500002, 6.548253492000072], [117.4651543010001, 6.546548201000064], [117.47330761, 6.544416579000028], [117.47845706900011, 6.54569555300003], [117.4728784890001, 6.551237737000065], [117.48017355500008, 6.561469299000066], [117.48103179800012, 6.574258456000052], [117.4986257810001, 6.59940950500004], [117.51235767000003, 6.624133020000045], [117.51579064200007, 6.628395570000066], [117.52351483000007, 6.629248076000067], [117.52051097900005, 6.618591650000042], [117.52651868100008, 6.607934995000051], [117.52651868100008, 6.598130669000057], [117.53038077500003, 6.594720423000069], [117.53252638200001, 6.590031297000053], [117.53553023300003, 6.581931793000024], [117.53595935500005, 6.575963653000031], [117.54325442100003, 6.567863919000047], [117.54454178500009, 6.556779859000073], [117.55784455300011, 6.552943012000071], [117.55355333800003, 6.544842904000063], [117.55484070200009, 6.541432293000071], [117.57286380700009, 6.525657914000021], [117.59431988300003, 6.516278318000047], [117.60461880000003, 6.508603973000049], [117.609339137, 6.508177617000058], [117.63122433500007, 6.511588454000048], [117.63551555100003, 6.503487677000066], [117.64323973800003, 6.497944965000045], [117.65182216900007, 6.495386770000039], [117.65954635700007, 6.497092235000025], [117.66126284300003, 6.491975822000029], [117.66941615200005, 6.481316462000052], [117.67585297500011, 6.479184563000047], [117.68186067700003, 6.471083265000061], [117.6857227700001, 6.468524933000026], [117.68958486400004, 6.47193603900007], [117.69215959300004, 6.471509652000066], [117.69516344400006, 6.464687411000057], [117.70546236100006, 6.456159481000043], [117.71533215600004, 6.449337033000063], [117.73292613900003, 6.441661669000041], [117.73335526100004, 6.43952960300004], [117.73035141000003, 6.437397528000076], [117.73249701800012, 6.433133351000038], [117.74107944800005, 6.426310594000029], [117.74150857000006, 6.422472752000033], [117.73678823300008, 6.396886405000032], [117.73078053200004, 6.388783794000062], [117.727347559, 6.389210250000076], [117.72477283, 6.386225048000028], [117.72048161500004, 6.359357446000047], [117.71962337200011, 6.349974778000046], [117.73378438200007, 6.306471085000055], [117.7294931670001, 6.296234390000052], [117.72863492400006, 6.288130197000044], [117.73120965300006, 6.280452424000032], [117.72648931600008, 6.274480745000062], [117.7217689790001, 6.273627642000065], [117.71833600700006, 6.266376213000058], [117.71833600700006, 6.260404372000039], [117.72262722200003, 6.252299622000066], [117.71876512900008, 6.245047897000063], [117.70674972600011, 6.22883779600005], [117.69387608000011, 6.236089745000072], [117.68357716300011, 6.237369490000049], [117.66855790900001, 6.244621322000057], [117.66383757200003, 6.244194746000062], [117.65654250600005, 6.238222652000047], [117.65268041200011, 6.239075813000056], [117.65139304800005, 6.244194746000062], [117.64838919700003, 6.243341594000071], [117.64710183200009, 6.238222652000047], [117.63208257800011, 6.230544146000057], [117.63165345700008, 6.227131440000051], [117.63336994300005, 6.223292120000053], [117.62822048500004, 6.215186796000069], [117.61620508200008, 6.213053795000064], [117.6114847450001, 6.218172982000056], [117.60848089400008, 6.215613395000048], [117.60204407100002, 6.198549160000027], [117.58402096700001, 6.175938200000076], [117.58359184500011, 6.171671873000037], [117.5908869110001, 6.172098507000044], [117.59431988300003, 6.169112060000032], [117.60590616500008, 6.164845678000063], [117.60805177200007, 6.155032868000035], [117.61277210900005, 6.145646533000047], [117.61277210900005, 6.14137996200003], [117.61835068900007, 6.12900671400007], [117.62864960600007, 6.123033319000058], [117.63422818600009, 6.11535314200006], [117.63508642900001, 6.111513012000046], [117.63165345700008, 6.108526225000048], [117.61792156800004, 6.105112734000045], [117.61062650200006, 6.099139072000071], [117.60547704300006, 6.089751754000076], [117.60719352900003, 6.078657440000029], [117.61062650200006, 6.081644394000023], [117.61491771700003, 6.094872130000056], [117.61835068900007, 6.098285686000054], [117.640235888, 6.103832669000042], [117.642810617, 6.098712379000062], [117.64538534600001, 6.087618250000048], [117.65482602000009, 6.074817048000057], [117.65740074900009, 6.056041400000026], [117.65482602000009, 6.053054305000046], [117.64581446800003, 6.053054305000046], [117.63766115800001, 6.047506799000075], [117.62650399800009, 6.034704645000033], [117.62478751200001, 6.030863940000074], [117.6269331200001, 6.018914905000031], [117.62564575500005, 6.004831777000049], [117.62864960600007, 6.004405010000028], [117.63165345700008, 6.008672666000052], [117.6398067660001, 6.02531620600007], [117.64495622400011, 6.023609200000067], [117.65568426300001, 6.01464732900007], [117.65740074900009, 6.005258544000071], [117.66126284300003, 6.002271169000039], [117.66684142300005, 6.002271169000039], [117.67027439500009, 6.003978243000063], [117.67842770400011, 5.997576690000074], [117.67971506900005, 5.98050551700004], [117.68228979800006, 5.974530480000055], [117.68186067700003, 5.969835763000049], [117.65909041500004, 5.956711681000058], [117.6530558930001, 5.948709037000071], [117.65171488900012, 5.94470767200005], [117.64769187400009, 5.940039376000072], [117.64232785500008, 5.938705570000025], [117.62958831000003, 5.922032720000061], [117.61014374000001, 5.921365795000042], [117.5994157020001, 5.919365017000075], [117.59338118000005, 5.919365017000075], [117.5819826390001, 5.922699643000044], [117.57594811800004, 5.921365795000042], [117.55449204100012, 5.910694894000073], [117.54979852400004, 5.905359366000027], [117.53102445700006, 5.896689024000068], [117.50822737500005, 5.890019438000024], [117.51023888300006, 5.883349772000031], [117.51694390700004, 5.886017648000063], [117.53638847600007, 5.888685511000062], [117.5471165140001, 5.897355979000054], [117.55583304600009, 5.900690738000037], [117.57527761500012, 5.900690738000037], [117.5994157020001, 5.906026310000072], [117.6219837430001, 5.895442077000041], [117.61659732600003, 5.893145817000061], [117.61764498600007, 5.855628115000059], [117.62497860600001, 5.847290506000036], [117.64069350500006, 5.834783858000037], [117.70250745700002, 5.734719684000027], [117.70117114600009, 5.732060431000036], [117.68829750000009, 5.723947832000022], [117.68057331200009, 5.717116081000029], [117.67456561000006, 5.71583511800003], [117.66169196400006, 5.714981141000067], [117.62092541900006, 5.717116081000029], [117.59517812600006, 5.699609345000056], [117.5883121820001, 5.697474341000031], [117.57157644200004, 5.698755344000062], [117.54411266400007, 5.692350298000065], [117.53982144800011, 5.693631313000026], [117.52651868100008, 5.690215267000042], [117.514503278, 5.689361252000026], [117.49562193000008, 5.692350298000065], [117.4831774060001, 5.691496287000064], [117.42843759000004, 5.659870279000074], [117.41435704000003, 5.665875351000068], [117.41349021400003, 5.665444056000069], [117.39155995800002, 5.654532386000028], [117.37814991000005, 5.650528933000032], [117.34931830700009, 5.636516632000053], [117.33054424000011, 5.631845789000067], [117.31244067500006, 5.62250399200002], [117.28763208600003, 5.57579276000007], [117.26885801900005, 5.555772520000062], [117.20113727700004, 5.544427416000076], [117.188397731, 5.538421096000036], [117.18504521900002, 5.538421096000036], [117.16224813800011, 5.547764234000056], [117.1307345250001, 5.556439873000045], [117.1153129700001, 5.556439873000045], [117.09050438100007, 5.551101033000066], [117.08111734700003, 5.55377045900002], [117.07642383100006, 5.56111131800003], [117.07508282600008, 5.572456101000057], [117.06971880700007, 5.587804576000053], [117.0563087590001, 5.59314308200004], [117.01674911700002, 5.589139207000073], [116.95238088700012, 5.607156427000064], [116.91432902300005, 5.62308061300007], [116.91026124500002, 5.64679103800006], [116.917815689, 5.654887058000043]]], [[[117.72391458700008, 6.021902189000059], [117.72091073600006, 6.017634636000025], [117.71275742700004, 6.015927605000059], [117.7166195210001, 6.001844400000039], [117.71619039900008, 5.98391979400003], [117.70546236100006, 5.974957271000051], [117.70202938900002, 5.967274991000068], [117.6934469580001, 5.959592604000022], [117.69473432300003, 5.957031784000037], [117.69816729500008, 5.956604979000076], [117.69173047200002, 5.945934760000057], [117.68615189200011, 5.942093431000046], [117.67971506900005, 5.945507947000067], [117.67499473200007, 5.940812982000068], [117.66641230100004, 5.941239799000073], [117.66426669400005, 5.944654320000041], [117.66727054400008, 5.947642009000049], [117.66855790900001, 5.952336917000025], [117.67242000300007, 5.956604979000076], [117.6831480410001, 5.961726611000074], [117.68829750000009, 5.966421398000023], [117.69001398600005, 5.971542938000027], [117.6857227700001, 5.989894728000024], [117.69215959300004, 6.004405010000028], [117.69130135000012, 6.007819138000059], [117.69258871500006, 6.01037972000006], [117.69730905200004, 6.010806482000021], [117.69730905200004, 6.018061393000039], [117.70160026700012, 6.021048681000025], [117.69730905200004, 6.025742957000034], [117.69730905200004, 6.028730203000066], [117.70589148200008, 6.035984874000064], [117.71018269800004, 6.035984874000064], [117.71361567000008, 6.034277901000053], [117.71576127800006, 6.034704645000033], [117.71790688500005, 6.037691841000026], [117.72348546500007, 6.037691841000026], [117.72520195200002, 6.033424413000034], [117.72391458700008, 6.021902189000059]]], [[[117.48140727900011, 6.727729138000029], [117.48677129900011, 6.723067918000027], [117.49079431300004, 6.71574305300004], [117.49213531800001, 6.709083990000067], [117.50889787800008, 6.695765590000065], [117.50755687300011, 6.685110609000048], [117.51023888300006, 6.676453265000021], [117.51023888300006, 6.669793666000032], [117.50621586800003, 6.663799949000065], [117.49951084400004, 6.656474196000033], [117.48140727900011, 6.643154365000044], [117.45123467100007, 6.636494314000061], [117.4311196000001, 6.622507914000039], [117.42441457600012, 6.620509824000067], [117.41502754200008, 6.627170091000039], [117.39558297200006, 6.621841885000038], [117.38686644100005, 6.63183222400005], [117.37278589100004, 6.636494314000061], [117.36205785200002, 6.637160323000046], [117.35200031600004, 6.635162293000064], [117.34395428800008, 6.637160323000046], [117.335908259, 6.64715035200004], [117.3251802210001, 6.655808213000057], [117.3251802210001, 6.66313397600004], [117.32786223000005, 6.669793666000032], [117.34998880900002, 6.68044898100004], [117.35736433600005, 6.68178087900003], [117.38217292400009, 6.681114931000025], [117.4016174940001, 6.67378943600005], [117.40832251800009, 6.675787309000043], [117.4170390490001, 6.681114931000025], [117.42039156100009, 6.685110609000048], [117.43380160900006, 6.691104064000058], [117.433131107, 6.696431519000043], [117.4311196000001, 6.69976114800005], [117.4257555800001, 6.703756674000033], [117.41234553200002, 6.707086253000057], [117.39357146500004, 6.71507715100006], [117.39155995800002, 6.720404344000031], [117.3929009630001, 6.727729138000029], [117.39155995800002, 6.731724434000057], [117.38753694400009, 6.736385570000039], [117.38820744600002, 6.741046662000031], [117.39424196800007, 6.745041848000028], [117.41435704000003, 6.753697972000055], [117.42441457600012, 6.753697972000055], [117.44184763800001, 6.749037002000023], [117.46330371500005, 6.750368712000068], [117.4639742170001, 6.753032122000036], [117.46933823600011, 6.757693054000072], [117.47403175300008, 6.755029669000066], [117.47671376300002, 6.749037002000023], [117.47537275800005, 6.737051443000041], [117.48140727900011, 6.727729138000029]]]]}}, {"type": "Feature", "id": "Keningau", "properties": {"district": "Keningau", "rep_lon": 116.25312844441456, "rep_lat": 5.232300817500061}, "geometry": {"type": "Polygon", "coordinates": [[[116.07457695300002, 4.86098697500006], [116.06713873100011, 4.869510110000022], [116.03775775200006, 4.88285045300006], [116.03552628500006, 4.887667733000058], [116.03589819600006, 4.906936510000037], [116.03031953000004, 4.925093117000074], [116.00688912900011, 4.930280628000048], [115.99275650600009, 4.939173410000024], [115.98383063900008, 4.953253403000076], [115.98122726200006, 4.966962583000054], [115.98531828400007, 4.977707416000044], [115.9949879730001, 4.989934082000048], [116.0005666400001, 5.005865456000038], [115.9975913510001, 5.071439339000051], [116.00726104000012, 5.090332277000073], [116.011723974, 5.129227752000077], [116.02362512900004, 5.150341447000073], [116.02771615200004, 5.169232054000076], [116.02808806300004, 5.200715145000061], [116.03589819600006, 5.219604244000038], [116.03478246300006, 5.268120691000036], [116.02771615200004, 5.284785774000056], [116.01358352900002, 5.291451682000059], [116.00651721800011, 5.298117518000026], [116.00688912900011, 5.323669222000035], [116.01358352900002, 5.36032850600003], [116.008004862, 5.386247885000046], [115.9972194400001, 5.394023483000069], [115.98420255100007, 5.394764011000063], [115.98234299500007, 5.405501565000066], [115.98271490600007, 5.41401742100004], [115.99201268400009, 5.438823795000076], [115.9972194400001, 5.441415447000054], [116.0027981070001, 5.441785682000045], [116.01916219600002, 5.438083321000022], [116.02288130700003, 5.441785682000045], [116.02660041800004, 5.451411713000027], [116.02957570700005, 5.454743765000046], [116.04445215200008, 5.458816248000062], [116.0589566860001, 5.464739810000026], [116.0615600640001, 5.468071788000032], [116.0634196200001, 5.475476116000038], [116.06230388600011, 5.485101606000057], [116.06676682000011, 5.488433471000064], [116.07494886400002, 5.50027994800007], [116.07420504200002, 5.506943488000047], [116.06639490900011, 5.512866572000064], [116.0608162420001, 5.521380902000033], [116.06304770800011, 5.529895109000051], [116.07122975300001, 5.539519718000065], [116.07420504200002, 5.55025467300004], [116.07420504200002, 5.560249111000076], [116.08908148700004, 5.57875688200005], [116.09986690900007, 5.578016582000032], [116.10209837600007, 5.583938953000029], [116.10209837600007, 5.592082115000039], [116.11139615400009, 5.598004343000071], [116.1143714430001, 5.610218750000058], [116.127016421, 5.611699266000073], [116.15490975600005, 5.623543265000023], [116.16532326700008, 5.623913386000027], [116.16978620000009, 5.626874346000022], [116.1801997120001, 5.62909505600004], [116.18466264500012, 5.62428350700003], [116.19396042300002, 5.60614730900005], [116.20920877900005, 5.596153653000044], [116.2348706470001, 5.574315070000068], [116.24156504700011, 5.559878950000041], [116.25458193600002, 5.539889892000076], [116.26387971400004, 5.532486366000057], [116.28247527000008, 5.526563478000071], [116.2995831820001, 5.508054071000061], [116.31185624900002, 5.507313683000064], [116.32524505000004, 5.503611728000067], [116.33268327200005, 5.494726941000067], [116.34160913900007, 5.491765316000055], [116.36541145100011, 5.494356739000068], [116.38549465100004, 5.53359690000002], [116.40074300700007, 5.536928493000062], [116.42789251900001, 5.532486366000057], [116.43272736400002, 5.529524929000047], [116.43904985300003, 5.529154748000053], [116.45504203100006, 5.534707433000051], [116.46508363100008, 5.531746008000027], [116.47252185400009, 5.539149544000054], [116.48144772100011, 5.537298668000062], [116.485910654, 5.54026006600003], [116.50450621000005, 5.544331964000037], [116.50859723300005, 5.547293326000045], [116.51120061100005, 5.55247567400005], [116.51715118900006, 5.555436996000026], [116.52756470000008, 5.552845840000032], [116.5376063000001, 5.558398302000057], [116.54690407800001, 5.565801504000035], [116.55137452100007, 5.565954930000032], [116.55768950100003, 5.566171661000055], [116.56735919000005, 5.556547487000046], [116.57442550100006, 5.555066831000033], [116.58223563500007, 5.555807160000029], [116.59116150200009, 5.55025467300004], [116.59897163500011, 5.549144170000034], [116.61421999100003, 5.555807160000029], [116.63244363600006, 5.559508788000073], [116.63727848100007, 5.555436996000026], [116.63802230300007, 5.547293326000045], [116.64099759200008, 5.542110932000071], [116.64732008100009, 5.539519718000065], [116.6525268370001, 5.541370586000028], [116.65884932600011, 5.54026006600003], [116.65897291100009, 5.539915645000065], [116.66070888200011, 5.53507761000003], [116.65959314800011, 5.529895109000051], [116.6525268370001, 5.522861642000066], [116.64285714800008, 5.516568470000038], [116.63913803700007, 5.497318351000047], [116.64025377000007, 5.488433471000064], [116.6540144810001, 5.471773963000032], [116.6528987480001, 5.45622467100003], [116.6502953700001, 5.44585825300004], [116.64136950300008, 5.436972608000076], [116.63281554800005, 5.432529737000038], [116.61719528000003, 5.434010698000066], [116.5956244350001, 5.449190335000026], [116.58186372400007, 5.448820105000038], [116.57814461300006, 5.439934504000064], [116.58632811000007, 5.422551959000032], [116.58360415200002, 5.396337630000062], [116.57906422100007, 5.389105892000032], [116.56181248400003, 5.378258123000023], [116.55927012300003, 5.374352878000025], [116.559851234, 5.363938771000051], [116.5650812340001, 5.351210177000041], [116.5772845680001, 5.332116789000054], [116.58077123500004, 5.321123357000033], [116.59471790200007, 5.302607659000046], [116.59471790200007, 5.29392823400002], [116.5819334570001, 5.291035065000074], [116.57496012400009, 5.293349601000045], [116.56856790100005, 5.297400018000076], [116.55694567900002, 5.298557275000064], [116.54648567800007, 5.291613700000028], [116.5360256780001, 5.272518465000076], [116.52730901100006, 5.262681297000029], [116.51452456600009, 5.25631598700005], [116.48140123200005, 5.248214590000032], [116.47210345400003, 5.235483611000063], [116.46919789800006, 5.229118024000059], [116.45990012000004, 5.220437574000073], [116.455832342, 5.213493127000049], [116.45350789800011, 5.204233745000067], [116.45525123100003, 5.198446563000061], [116.46396789800008, 5.187450769000066], [116.46164345400007, 5.16430110400006], [116.46890734300007, 5.133915886000068], [116.46454900900005, 5.13246893500002], [116.4564134530001, 5.120893206000062], [116.44944012000008, 5.099477556000068], [116.43316900800005, 5.091952969000033], [116.40760011900011, 5.089058873000056], [116.37505789500005, 5.090795332000027], [116.36343567300003, 5.086164765000035], [116.34425900600002, 5.037541802000021], [116.30764900500003, 5.020754457000066], [116.27626900400003, 5.016123389000029], [116.23733455800004, 5.017860043000042], [116.22455011300008, 5.002229988000067], [116.21699566900008, 4.976179067000032], [116.19898122400002, 4.947232390000067], [116.18619677900006, 4.933916493000027], [116.18271011200011, 4.90496797000003], [116.18271011200011, 4.880071236000049], [116.16992566700003, 4.856910655000036], [116.150749, 4.844171995000067], [116.13564011100004, 4.841855850000059], [116.12401788800003, 4.846488133000037], [116.1007734430001, 4.865595966000058], [116.09205677600005, 4.867333015000042], [116.07457695300002, 4.86098697500006]]]}}, {"type": "Feature", "id": "Kinabatangan", "properties": {"district": "Kinabatangan", "rep_lon": 118.11710641300004, "rep_lat": 5.331166035000052}, "geometry": {"type": "Polygon", "coordinates": [[[118.81101353600002, 5.491703194000024], [118.81101353600002, 5.476352225000028], [118.805649517, 5.462335778000067], [118.80766102400003, 5.450321421000069], [118.81168403800007, 5.441644235000069], [118.81436604800001, 5.430296957000053], [118.80699052200009, 5.418281959000069], [118.78687545000003, 5.40226159100007], [118.788216454, 5.386908340000048], [118.78352293800003, 5.381567988000029], [118.7654193730001, 5.368216902000029], [118.76407836800001, 5.349524892000034], [118.75200932500002, 5.340846264000049], [118.74932731500007, 5.321485806000055], [118.74195178900004, 5.314142024000034], [118.72384822400011, 5.288771924000059], [118.71244968300005, 5.293445442000063], [118.35909491900009, 5.29811892400005], [118.34903738300011, 5.285433675000036], [118.32691080400002, 5.264736133000042], [118.29740869900002, 5.246040986000025], [118.24510951100001, 5.227345279000076], [118.2015268560001, 5.221335826000029], [117.9983646290001, 5.185945659000026], [117.9809315660001, 5.185945659000026], [117.95344096800011, 5.189284438000072], [117.93399639900008, 5.193290951000051], [117.92058635100011, 5.200636158000066], [117.90717630300003, 5.211319943000035], [117.88303821600005, 5.220668105000073], [117.86761666100006, 5.21465858800002], [117.84213757000009, 5.213323132000028], [117.8300685270001, 5.216661767000062], [117.81934048800008, 5.224006701000064], [117.80593044000011, 5.22934841700004], [117.79587290400002, 5.232019258000037], [117.78380386100002, 5.22934841700004], [117.77709883700004, 5.220668105000073], [117.77374632500005, 5.206645809000065], [117.76502979400004, 5.196629692000045], [117.75161974600007, 5.185277900000074], [117.73888020100003, 5.179268046000061], [117.72547015300006, 5.175261444000057], [117.71608311900002, 5.167248165000046], [117.70803709000006, 5.150553507000041], [117.70401407600002, 5.128515888000038], [117.68993352500001, 5.119166365000069], [117.68658101300002, 5.100466910000023], [117.68926302300008, 5.088445543000034], [117.68993352500001, 5.075088206000032], [117.68322850100003, 5.049040604000027], [117.6792054870001, 5.040357837000045], [117.66311342900008, 5.028335353000045], [117.61349625200012, 5.008297387000027], [117.5994157020001, 5.004289720000031], [117.59069917000011, 4.999614077000047], [117.5994157020001, 4.991598612000075], [117.59807469700002, 4.984251017000076], [117.59136967300003, 4.976235364000047], [117.57863012700011, 4.96755163000006], [117.53638847600007, 4.950851821000072], [117.52364893100003, 4.947511808000058], [117.51292089200001, 4.940163722000023], [117.5142618970001, 4.918118973000048], [117.52163742300002, 4.90409011600002], [117.52700144300002, 4.890060965000032], [117.52700144300002, 4.876699595000048], [117.5229784280001, 4.862669870000047], [117.50889787800008, 4.854652754000028], [117.4901238110001, 4.850644159000069], [117.48140727900011, 4.841958791000025], [117.47851959400009, 4.82872272000003], [117.46678194600008, 5.274834617000067], [117.47202024600006, 5.268575245000022], [117.48040152600004, 5.269618478000041], [117.48354450600004, 5.275877839000032], [117.48354450600004, 5.488658060000034], [117.48207778200003, 5.573790767000048], [117.47738426500007, 5.587137259000031], [117.46933823600011, 5.594477700000027], [117.45391668100001, 5.601818050000077], [117.43380160900006, 5.617165754000041], [117.42709658500007, 5.635182109000027], [117.42843759000004, 5.659870279000074], [117.4831774060001, 5.691496287000064], [117.49562193000008, 5.692350298000065], [117.514503278, 5.689361252000026], [117.52651868100008, 5.690215267000042], [117.53982144800011, 5.693631313000026], [117.54411266400007, 5.692350298000065], [117.57157644200004, 5.698755344000062], [117.5883121820001, 5.697474341000031], [117.59517812600006, 5.699609345000056], [117.62092541900006, 5.717116081000029], [117.66169196400006, 5.714981141000067], [117.67456561000006, 5.71583511800003], [117.68057331200009, 5.717116081000029], [117.68829750000009, 5.723947832000022], [117.70117114600009, 5.732060431000036], [117.70250745700002, 5.734719684000027], [117.70288763200006, 5.735476228000039], [117.72748166000008, 5.690562210000053], [117.76301828700002, 5.691229408000027], [117.78581536800004, 5.679219730000057], [117.80660094300003, 5.701237281000033], [117.81330596700002, 5.675883665000072], [117.80660094300003, 5.660537513000065], [117.82939802400006, 5.629176719000043], [117.87834469900008, 5.662539208000055], [117.89644826400001, 5.660537513000065], [117.91254032200004, 5.65319790500007], [117.92796187700003, 5.65319790500007], [117.89175474700005, 5.589806521000071], [117.93667840800003, 5.56177866400003], [118.03390125600004, 5.55377045900002], [118.03591276300006, 5.513060405000033], [118.1043040080001, 5.513060405000033], [118.1043040080001, 5.567784746000029], [118.14654565900003, 5.583133343000043], [118.16599022800006, 5.569119422000028], [118.26455408100003, 5.627842180000073], [118.25449654500005, 5.647859950000054], [118.2726001100001, 5.66520812400006], [118.27662312400003, 5.676550879000047], [118.2813166410001, 5.679886941000063], [118.29874970300011, 5.683890190000056], [118.3021022150001, 5.69589977000004], [118.30143171300006, 5.711912153000071], [118.31618276600011, 5.72191966400004], [118.32355829200003, 5.730592700000045], [118.33495683300009, 5.753275399000074], [118.33763884300004, 5.792634405000058], [118.35037838800008, 5.793968561000042], [118.35708341200007, 5.792634405000058], [118.36177692900003, 5.788631920000057], [118.36647044600011, 5.76995327800006], [118.371834465, 5.77062038300005], [118.371834465, 5.786630666000065], [118.3644589380001, 5.794635638000045], [118.34836688100006, 5.803307562000043], [118.34635537400004, 5.809978183000055], [118.34635537400004, 5.817982823000023], [118.34970788600003, 5.827988463000054], [118.3785394890001, 5.799972222000065], [118.38993803000005, 5.79330148400004], [118.4026775750001, 5.788631920000057], [118.4496127430001, 5.765283521000072], [118.52873202600006, 5.716582347000042], [118.54951760000006, 5.697901342000023], [118.56963267200001, 5.687226210000063], [118.60047578300009, 5.657868575000066], [118.60516930000006, 5.649861689000033], [118.60047578300009, 5.644523703000061], [118.5884067400001, 5.639185668000039], [118.58170171600011, 5.633847583000033], [118.57499669200001, 5.627174909000075], [118.57030317500005, 5.619834879000052], [118.57566719400006, 5.599816145000034], [118.57566719400006, 5.590473835000068], [118.57164418000002, 5.583133343000043], [118.55219961000012, 5.560443971000041], [118.54750609300004, 5.55243574800005], [118.54549458600002, 5.545094781000046], [118.5468355910001, 5.529745192000064], [118.55555212200011, 5.519066983000073], [118.56292764800003, 5.531747335000034], [118.56292764800003, 5.54109057900007], [118.56829166800003, 5.551768391000053], [118.5796902080001, 5.564448041000048], [118.58639523200009, 5.585135305000051], [118.59041824700012, 5.605154541000047], [118.59108874900005, 5.616498471000057], [118.59444126100004, 5.627842180000073], [118.60114628500003, 5.629176719000043], [118.61455633300011, 5.641854691000049], [118.62193186000002, 5.643856451000033], [118.63802391700006, 5.641854691000049], [118.64539944300009, 5.638518410000074], [118.65411597500008, 5.628509450000024], [118.66886702700003, 5.605821838000054], [118.73055324800009, 5.547764234000056], [118.7533503300001, 5.53641897600005], [118.76340786600008, 5.532414715000073], [118.77212439700008, 5.531079955000052], [118.7862049470001, 5.524406112000065], [118.79693298600012, 5.515730003000044], [118.81499013000007, 5.506216940000058], [118.81101353600002, 5.491703194000024]]]}}, {"type": "Feature", "id": "Kota Belud", "properties": {"district": "Kota Belud", "rep_lon": 116.47235449627428, "rep_lat": 6.344073857000041}, "geometry": {"type": "MultiPolygon", "coordinates": [[[[116.48430678800003, 6.015620855000066], [116.47384678700007, 6.016198766000059], [116.46687345400005, 6.021977841000023], [116.46164345400007, 6.030646337000064], [116.45757567600003, 6.038736809000056], [116.45234567600005, 6.055495260000043], [116.44769678600005, 6.062429639000072], [116.43723678600008, 6.063585360000047], [116.43316900800005, 6.082076562000054], [116.42387123000003, 6.095366720000072], [116.41341123000007, 6.114434634000077], [116.41689789700001, 6.124835027000074], [116.426776786, 6.138124125000047], [116.424452341, 6.154301708000048], [116.41166789700003, 6.182033562000072], [116.40992456300012, 6.223628616000042], [116.40178900700005, 6.233449190000044], [116.38842345100011, 6.241536584000073], [116.38028789600003, 6.250201511000057], [116.37505789500005, 6.265220376000059], [116.3738956730001, 6.277350683000066], [116.36343567300003, 6.298144837000052], [116.35848212600001, 6.30458341700006], [116.34272487200008, 6.303042895000033], [116.32933607200005, 6.298976586000038], [116.31631918300002, 6.293061899000065], [116.30739331600012, 6.291952887000036], [116.2973517160001, 6.292322558000023], [116.28879776000008, 6.297867587000042], [116.29288878200009, 6.299715917000071], [116.29414925900005, 6.30062709200007], [116.30218656000011, 6.297497921000058], [116.30702140500011, 6.298237254000071], [116.310368605, 6.301194577000047], [116.30962478200001, 6.305630529000041], [116.31148433800001, 6.309327127000074], [116.31334389400001, 6.301194577000047], [116.31557536000003, 6.299715917000071], [116.32041020500003, 6.300455247000059], [116.32375740500004, 6.30230356800007], [116.33082371600005, 6.311175416000026], [116.32784842700005, 6.313763010000059], [116.32078211600003, 6.313763010000059], [116.32189784900004, 6.321895363000067], [116.31669109400002, 6.32374360700004], [116.30925287100001, 6.320786413000064], [116.30962478200001, 6.325222198000063], [116.31817873800003, 6.327440076000073], [116.32784842700005, 6.332615088000068], [116.32933607200005, 6.336311493000039], [116.32115402700003, 6.341486416000066], [116.31148433800001, 6.339638235000052], [116.31445962700002, 6.34333459000004], [116.32673269400004, 6.34703091800003], [116.32673269400004, 6.349987962000057], [116.32003829400003, 6.351466477000031], [116.31483153800002, 6.356271623000055], [116.30962478200001, 6.357010872000046], [116.31371580500002, 6.360707102000049], [116.31520344900002, 6.364033687000074], [116.32041020500003, 6.366621015000021], [116.32226976100003, 6.372904473000062], [116.32450122700004, 6.372904473000062], [116.32636078300004, 6.368469099000038], [116.32933607200005, 6.367360250000047], [116.33193945000005, 6.369577946000049], [116.33193945000005, 6.363294448000033], [116.33714620500007, 6.361076724000043], [116.34644398300009, 6.371426019000069], [116.34309678300008, 6.378818245000048], [116.33379900500006, 6.382883924000055], [116.33640238300006, 6.388797582000052], [116.34570016100008, 6.386210365000068], [116.34830353900009, 6.388797582000052], [116.35016309500008, 6.393971976000046], [116.36355189500011, 6.399146317000032], [116.4747533210001, 6.471212037000043], [116.48405109900011, 6.480820025000071], [116.49186123200002, 6.491536412000073], [116.49967136600003, 6.512968500000056], [116.50041518800003, 6.519989158000044], [116.49929945500003, 6.526270716000056], [116.49632416600002, 6.528857217000052], [116.49706798800003, 6.533660683000051], [116.50525003300004, 6.539572578000048], [116.52012647800007, 6.564697351000063], [116.53277145600009, 6.575042478000057], [116.54244114500011, 6.589820856000074], [116.54467261200011, 6.604968238000026], [116.55508612300002, 6.614943089000064], [116.57107830100006, 6.635631028000034], [116.57293785700006, 6.643388781000056], [116.57256594600005, 6.650407595000047], [116.57442550100006, 6.651885227000037], [116.57963225700007, 6.65077700300003], [116.59153341300009, 6.659642724000037], [116.5937648800001, 6.656318098000042], [116.60157501300012, 6.662597928000025], [116.61682336900003, 6.66740009800003], [116.62054248000004, 6.67109404200005], [116.62426159200004, 6.663706126000022], [116.63058408100005, 6.66185912900005], [116.63244363600006, 6.657426309000073], [116.64397288100008, 6.653732261000073], [116.64917963700009, 6.650038186000074], [116.6581055040001, 6.640433461000043], [116.65996505900011, 6.634153347000051], [116.6525268370001, 6.622331738000071], [116.64880772600009, 6.61974572400004], [116.64508861500008, 6.61974572400004], [116.63839421400007, 6.612357036000049], [116.63281554800005, 6.59868767200004], [116.63616274800006, 6.589081948000057], [116.63467510300006, 6.586126303000071], [116.62872452500005, 6.583170640000048], [116.62798070300005, 6.576889799000071], [116.62984025900005, 6.570978346000061], [116.62984025900005, 6.564327878000029], [116.62798070300005, 6.557307843000046], [116.61831101400003, 6.548440289000041], [116.61868292500003, 6.540681050000046], [116.62760879200005, 6.529965713000024], [116.62388968100004, 6.526640217000022], [116.62240203600004, 6.51333801100003], [116.61384808000003, 6.503361125000026], [116.61347616900002, 6.494862141000056], [116.60938514700001, 6.486732543000073], [116.60529412400001, 6.484145825000041], [116.5974839910001, 6.463821152000037], [116.60045928000011, 6.457538815000021], [116.5971120800001, 6.450886844000024], [116.5963682580001, 6.446082589000071], [116.5993435470001, 6.441647851000027], [116.5952525240001, 6.437582640000073], [116.5926491460001, 6.432039119000024], [116.5930210570001, 6.413190695000026], [116.61273234700002, 6.39840712900002], [116.606409858, 6.392863181000052], [116.604922213, 6.386949571000059], [116.604922213, 6.373274086000038], [116.60715368000001, 6.369208331000038], [116.61273234700002, 6.365142543000047], [116.61050088000002, 6.360337480000055], [116.60231883600011, 6.354793121000057], [116.60194692400012, 6.351096849000044], [116.61905483600003, 6.344813124000041], [116.63653465900006, 6.34333459000004], [116.6502953700001, 6.33520257400005], [116.64843581500008, 6.314132665000045], [116.64471670300009, 6.306369851000056], [116.64062568100007, 6.288995512000042], [116.62351776900005, 6.280492964000075], [116.61905483600003, 6.275317432000065], [116.61719528000003, 6.26533590400004], [116.62017056900004, 6.241305518000047], [116.63579083700006, 6.23686901800005], [116.64620434800008, 6.226147322000031], [116.63727848100007, 6.210988689000033], [116.62723688100004, 6.202854608000052], [116.60306265800011, 6.191392735000022], [116.58074799000008, 6.174014584000076], [116.56735919000005, 6.156266096000024], [116.55173892300002, 6.098579422000057], [116.5368624780001, 6.067144966000058], [116.49883456600003, 6.019088311000075], [116.48430678800003, 6.015620855000066]]], [[[116.34020392200011, 6.401858148000031], [116.34098387600011, 6.397498245000065], [116.33825403600008, 6.396723147000046], [116.33669412800009, 6.392266312000061], [116.33454925400008, 6.390619211000057], [116.32567727600008, 6.396820034000029], [116.33269686300002, 6.397013809000043], [116.33415927700003, 6.400017305000063], [116.33796155400012, 6.402051921000066], [116.34020392200011, 6.401858148000031]]]]}}, {"type": "Feature", "id": "Kota Kinabalu", "properties": {"district": "Kota Kinabalu", "rep_lon": 116.19276952870518, "rep_lat": 6.005010281500063}, "geometry": {"type": "MultiPolygon", "coordinates": [[[[115.99182643100005, 5.96104544700006], [115.99289277500009, 5.961803002000067], [115.99441612300006, 5.958621264000044], [115.99319744400009, 5.957257657000071], [115.99182643100005, 5.96104544700006]]], [[[116.01513365500011, 5.965742270000021], [116.01284863300009, 5.964984721000064], [116.01300096800003, 5.967711894000047], [116.01513365500011, 5.965742270000021]]], [[[115.99456845700001, 5.970590562000041], [115.9960918050001, 5.975590317000069], [116.0002048450001, 5.977711412000076], [116.00568889700003, 5.977862919000074], [116.0087355930001, 5.975135796000075], [116.00172819300008, 5.974681274000034], [115.99456845700001, 5.970590562000041]]], [[[116.06150055800003, 5.928071859000056], [116.058882304, 5.916234219000046], [116.04849497500004, 5.916499385000066], [116.04483894000009, 5.914103417000035], [116.040316501, 5.915050442000052], [116.04674312500003, 5.932333347000053], [116.04674312500003, 5.942750179000029], [116.04103057000009, 5.956717894000064], [116.04793324000002, 5.957428108000045], [116.05197963300009, 5.960268952000035], [116.0585847750001, 5.969501594000064], [116.0593285970001, 5.978378987000042], [116.07011402, 5.979488651000054], [116.08350282000004, 5.994653834000076], [116.08833766500004, 5.994653834000076], [116.08945339800005, 5.991694807000044], [116.09391633200005, 5.990955048000046], [116.10395793200007, 5.993914079000035], [116.11362762100009, 6.011298062000037], [116.10804895400008, 6.024982935000025], [116.11102424300009, 6.03607852500005], [116.11251188800009, 6.053091321000068], [116.12664451, 6.061967349000042], [116.12292539900011, 6.069363929000076], [116.12366922100011, 6.073801827000068], [116.128875977, 6.075650941000049], [116.12552877700011, 6.083047332000035], [116.128504066, 6.086745490000055], [116.12776024400011, 6.091183245000025], [116.11548717700009, 6.097470002000023], [116.11139615400009, 6.094881346000022], [116.11176806500009, 6.088964372000021], [116.10953659900008, 6.084526598000025], [116.10284219800008, 6.080828426000039], [116.10061073200006, 6.087854932000027], [116.09577588700006, 6.093402109000067], [116.09056913100005, 6.09599077200005], [116.08685002000004, 6.107824501000039], [116.09800735400006, 6.121137133000047], [116.10023882100006, 6.11669962600007], [116.10395793200007, 6.115960038000026], [116.10879277600009, 6.117439213000068], [116.1214377550001, 6.125944391000075], [116.13445464400002, 6.140365905000067], [116.13891757700003, 6.135928557000057], [116.13817375500003, 6.131860957000072], [116.13371082200001, 6.129642252000053], [116.13036362200012, 6.124835027000074], [116.13036362200012, 6.121876714000052], [116.13259508800002, 6.117809006000073], [116.13668611100002, 6.115220448000059], [116.13928948800003, 6.110043296000072], [116.13817375500003, 6.100798256000076], [116.14226477700004, 6.09783980900005], [116.15490975600005, 6.103017080000029], [116.16048842200007, 6.103756686000054], [116.16532326700008, 6.106715100000031], [116.1768525120001, 6.120397551000053], [116.191357046, 6.124835027000074], [116.18800984500001, 6.11891838400004], [116.19247277900001, 6.105605696000055], [116.19024131200001, 6.098209616000076], [116.191357046, 6.091922867000051], [116.19879526800003, 6.089334185000041], [116.20400202400003, 6.090073810000035], [116.20734922400004, 6.087854932000027], [116.20809304600004, 6.08341714900007], [116.21329980200005, 6.079718969000055], [116.21329980200005, 6.074171651000029], [116.21032451300005, 6.070103581000069], [116.20958069100004, 6.062707012000033], [116.21144024600005, 6.057159519000038], [116.21590318000005, 6.054940505000047], [116.21590318000005, 6.050872291000076], [116.21813464600007, 6.046064361000049], [116.22445713500008, 6.040516697000044], [116.23115153600008, 6.039407157000028], [116.2400774030001, 6.041256389000068], [116.24900326900001, 6.038297615000033], [116.25904487000003, 6.046434203000047], [116.25904487000003, 6.041626234000034], [116.26127633700003, 6.040146851000031], [116.26573927000004, 6.040516697000044], [116.27801233700006, 6.050872291000076], [116.29214496000009, 6.046064361000049], [116.29028540400009, 6.04236592500007], [116.29214496000009, 6.03718807100006], [116.28842584800009, 6.030530758000054], [116.28470673700008, 6.032749872000068], [116.28359100400007, 6.028311636000069], [116.28024380400007, 6.029421198000023], [116.27875615900007, 6.035338826000043], [116.27615278100006, 6.030160905000059], [116.27354940400005, 6.009818596000059], [116.27726851500006, 6.000201967000066], [116.27317749200006, 5.994653834000076], [116.27540895900006, 5.989475527000025], [116.27317749200006, 5.984297170000048], [116.26797073700004, 5.981707973000027], [116.25904487000003, 5.980228426000053], [116.25495384700002, 5.976529542000037], [116.25123473600001, 5.96543274000004], [116.24379651400011, 5.958034747000056], [116.24900326900001, 5.952116282000077], [116.25941678100003, 5.933620665000035], [116.25941678100003, 5.92622224400003], [116.26499544800004, 5.918823725000038], [116.26239207000003, 5.902176694000048], [116.26387971400004, 5.899587110000027], [116.27652469300006, 5.892558181000027], [116.28210335900008, 5.882939501000067], [116.28619438200008, 5.871470859000055], [116.28760033500009, 5.860530199000038], [116.28656629300008, 5.860371947000033], [116.25978869200003, 5.867031320000024], [116.248259447, 5.876650275000031], [116.2423088700001, 5.88589911300005], [116.23747402400011, 5.898107343000049], [116.22929198000008, 5.912904837000042], [116.21106833500005, 5.930291388000057], [116.19861020600001, 5.947830285000066], [116.18908094900007, 5.949378969000065], [116.15980410600002, 5.969264861000056], [116.13695388700012, 5.96855466300002], [116.10577285800002, 5.955297465000058], [116.09839414100009, 5.960742424000046], [116.09696600300003, 5.958138320000046], [116.09315763300003, 5.959322005000047], [116.08316066200007, 5.939909244000035], [116.0748298530001, 5.942039947000069], [116.07411578300002, 5.939909244000035], [116.08125647700001, 5.938015280000059], [116.07530589900011, 5.936358055000028], [116.07006939000007, 5.932096598000044], [116.06697509000003, 5.924994097000024], [116.06340474300009, 5.925467600000047], [116.06388078900011, 5.927598358000068], [116.06150055800003, 5.928071859000056]]], [[[116.00507955800003, 6.006345385000031], [116.0043178840001, 6.012253795000049], [116.00629823700001, 6.012253795000049], [116.0081262540001, 6.009678342000029], [116.00934493200009, 6.007557372000065], [116.00568889700003, 6.007708870000044], [116.00507955800003, 6.006345385000031]]], [[[116.02853911700004, 6.028009243000042], [116.03082413900006, 6.026191330000074], [116.02853911700004, 6.024221917000034], [116.03265215600004, 6.024827891000029], [116.03554651700006, 6.027100287000053], [116.039202552, 6.026645809000058], [116.04255391800007, 6.031645050000066], [116.04636228800007, 6.030736101000059], [116.05017065800007, 6.031645050000066], [116.04910431400003, 6.028312228000061], [116.05077999700006, 6.027100287000053], [116.05093233200012, 6.024827891000029], [116.04529594400003, 6.015132229000073], [116.046819292, 6.012102299000048], [116.05017065800007, 6.01270828600002], [116.05230334500004, 6.006799880000074], [116.05748272800008, 6.007254375000059], [116.0603770890001, 6.014980733000073], [116.06281444600006, 6.017707656000027], [116.06388078900011, 6.01149631100003], [116.0597677500001, 6.003618405000054], [116.06159576700009, 6.000133910000045], [116.06296678100011, 6.001194411000029], [116.06647048100001, 5.998921907000067], [116.0641854590001, 5.995437382000034], [116.06098642800009, 5.998770406000062], [116.05733039300003, 5.998618905000058], [116.0559593800001, 5.999679409000066], [116.05748272800008, 6.002103410000075], [116.05230334500004, 6.004527400000029], [116.04910431400003, 6.001497411000059], [116.04819030500005, 5.996800894000046], [116.04103057000009, 5.993164854000042], [116.03783153900008, 5.995437382000034], [116.03737453500003, 5.997861402000069], [116.039202552, 6.003163907000044], [116.0360035220001, 6.007860368000024], [116.0321951520001, 6.009678342000029], [116.03173814700006, 6.012405292000039], [116.0280821120001, 6.011799305000068], [116.02503541600004, 6.006345385000031], [116.02335973400011, 6.006345385000031], [116.02061770700004, 6.012253795000049], [116.01711400700003, 6.013162776000058], [116.014524316, 6.010587327000053], [116.0081262540001, 6.01361726600004], [116.00507955800003, 6.022858474000031], [116.00888792800004, 6.035886795000067], [116.01269629800004, 6.043158280000057], [116.01757101100009, 6.041340418000061], [116.0157429940001, 6.038310634000027], [116.01802801600002, 6.034220399000048], [116.01818035100007, 6.029675658000031], [116.02107471200009, 6.028463720000047], [116.02732043800006, 6.033462945000053], [116.02853911700004, 6.028009243000042]]], [[[116.07530589900011, 6.066032522000057], [116.07576290300005, 6.06179101400005], [116.06738449000011, 6.059215796000046], [116.07302087700009, 6.071031399000049], [116.07195453300005, 6.074212479000039], [116.08048528200004, 6.07739354000006], [116.07972360800011, 6.074666917000059], [116.07865726400007, 6.073000641000021], [116.07926660400005, 6.067395857000065], [116.07530589900011, 6.066032522000057]]]]}}, {"type": "Feature", "id": "Kota Marudu", "properties": {"district": "Kota Marudu", "rep_lon": 116.83665131749329, "rep_lat": 6.453346692000025}, "geometry": {"type": "Polygon", "coordinates": [[[116.64620434800008, 6.226147322000031], [116.63579083700006, 6.23686901800005], [116.62017056900004, 6.241305518000047], [116.61719528000003, 6.26533590400004], [116.61905483600003, 6.275317432000065], [116.62351776900005, 6.280492964000075], [116.64062568100007, 6.288995512000042], [116.64471670300009, 6.306369851000056], [116.64843581500008, 6.314132665000045], [116.6502953700001, 6.33520257400005], [116.63653465900006, 6.34333459000004], [116.61905483600003, 6.344813124000041], [116.60194692400012, 6.351096849000044], [116.60231883600011, 6.354793121000057], [116.61050088000002, 6.360337480000055], [116.61273234700002, 6.365142543000047], [116.60715368000001, 6.369208331000038], [116.604922213, 6.373274086000038], [116.604922213, 6.386949571000059], [116.606409858, 6.392863181000052], [116.61273234700002, 6.39840712900002], [116.5930210570001, 6.413190695000026], [116.5926491460001, 6.432039119000024], [116.5952525240001, 6.437582640000073], [116.5993435470001, 6.441647851000027], [116.5963682580001, 6.446082589000071], [116.5971120800001, 6.450886844000024], [116.60045928000011, 6.457538815000021], [116.5974839910001, 6.463821152000037], [116.60529412400001, 6.484145825000041], [116.60938514700001, 6.486732543000073], [116.61347616900002, 6.494862141000056], [116.61384808000003, 6.503361125000026], [116.62240203600004, 6.51333801100003], [116.62388968100004, 6.526640217000022], [116.62760879200005, 6.529965713000024], [116.61868292500003, 6.540681050000046], [116.61831101400003, 6.548440289000041], [116.62798070300005, 6.557307843000046], [116.62984025900005, 6.564327878000029], [116.62984025900005, 6.570978346000061], [116.62798070300005, 6.576889799000071], [116.62872452500005, 6.583170640000048], [116.63467510300006, 6.586126303000071], [116.63616274800006, 6.589081948000057], [116.63281554800005, 6.59868767200004], [116.63839421400007, 6.612357036000049], [116.64508861500008, 6.61974572400004], [116.64880772600009, 6.61974572400004], [116.6525268370001, 6.622331738000071], [116.65996505900011, 6.634153347000051], [116.6581055040001, 6.640433461000043], [116.64917963700009, 6.650038186000074], [116.64397288100008, 6.653732261000073], [116.63244363600006, 6.657426309000073], [116.63058408100005, 6.66185912900005], [116.62426159200004, 6.663706126000022], [116.62054248000004, 6.67109404200005], [116.63207172500006, 6.695104002000051], [116.63504701400007, 6.698797737000064], [116.63560133618601, 6.698862506142238], [116.64136950300008, 6.699536481000052], [116.64100503183774, 6.698812512291388], [116.63876612500007, 6.694365251000022], [116.63887947120975, 6.694353993674026], [116.64248523700007, 6.693995876000031], [116.64197044372247, 6.693314162195975], [116.64025377000007, 6.691040861000033], [116.63690657000006, 6.689193967000051], [116.63541892500007, 6.686238923000076], [116.63541892500007, 6.68600251728266], [116.63541892500007, 6.683653245000073], [116.63950994800007, 6.681806324000036], [116.64174141400008, 6.684761395000066], [116.64880772600009, 6.68660830500005], [116.68413928200005, 6.68660830500005], [116.69232132700006, 6.680328782000061], [116.70199101600008, 6.677373684000031], [116.74513270600005, 6.679590009000037], [116.75331475100006, 6.678481848000047], [116.75777768500006, 6.664814320000062], [116.75405857300007, 6.649299368000072], [116.7576991760321, 6.637793399800081], [116.75814959600007, 6.636369867000042], [116.75889341800007, 6.629350852000073], [116.75554621800006, 6.593515382000021], [116.76298444000008, 6.587234672000022], [116.78195190800011, 6.579106576000072], [116.79013395200002, 6.569131003000052], [116.79496879700002, 6.565805768000075], [116.81282053100006, 6.565805768000075], [116.81988684200007, 6.57208674900005], [116.8336475530001, 6.579476037000063], [116.84703635400001, 6.576520335000055], [116.85521839900002, 6.578737114000035], [116.85484648700003, 6.596470983000074], [116.86042515400004, 6.606076564000034], [116.85782177600004, 6.608662651000031], [116.85930942100003, 6.615312524000046], [116.87604542100007, 6.618267995000053], [116.8794623550001, 6.624963918000049], [116.89108457700002, 6.635931181000046], [116.91258568900003, 6.629581743000074], [116.92130235600007, 6.62323222200007], [116.93292457900009, 6.602451403000032], [116.93852649000007, 6.586495760000048], [116.94261751200008, 6.579476037000063], [116.96641982400001, 6.557307843000046], [116.97274231300003, 6.511120942000048], [116.97794906900003, 6.501513532000047], [116.99468506900007, 6.495601188000023], [117.021834581, 6.492275465000034], [117.03373573700003, 6.487471602000028], [117.055539027, 6.468509757000049], [117.0729723610001, 6.455806540000026], [117.0776212500001, 6.450032244000056], [117.07782633900001, 6.448401915000034], [117.07878347200005, 6.440793235000058], [117.08575680500007, 6.43386386800006], [117.09040569400008, 6.424624565000045], [117.08982458300011, 6.410765295000033], [117.08633791700004, 6.399215616000049], [117.10609569500002, 6.382468118000077], [117.10028458400006, 6.365720072000045], [117.09389236100003, 6.358212150000043], [117.09621680600003, 6.337997969000071], [117.08866236100005, 6.330489643000021], [117.07878347200005, 6.327601796000067], [117.06018791600002, 6.331644777000065], [117.04798458200003, 6.33684284900005], [117.04043013700004, 6.344928635000031], [117.02590235900004, 6.351281663000066], [117.01544235900008, 6.350704118000067], [117.00265791400011, 6.344928635000031], [116.99219791400003, 6.33742040900006], [116.97302124700002, 6.33568772600006], [116.96721013500007, 6.33742040900006], [116.95965569100008, 6.321826054000041], [116.95268235700007, 6.316050247000021], [116.93815457900007, 6.318938158000037], [116.92769457800011, 6.318360577000021], [116.92420791200004, 6.312584732000062], [116.92478902300002, 6.307964010000035], [116.92362680100007, 6.306231228000058], [116.91897791200006, 6.303920843000071], [116.90619426, 6.292898654000055], [116.88062457700005, 6.279661186000055], [116.86842124300006, 6.275617799000031], [116.86784013200008, 6.264065094000046], [116.86202902100001, 6.26002158700004], [116.85273124300011, 6.259443941000029], [116.84285235400012, 6.253667441000061], [116.84110902000009, 6.245002572000033], [116.83704124200005, 6.240381250000041], [116.8044990190001, 6.239225913000041], [116.79752568600009, 6.236337560000038], [116.801593464, 6.224206302000027], [116.79462013000011, 6.224206302000027], [116.77951124100002, 6.230560805000039], [116.7585912400001, 6.236915232000058], [116.73360346200002, 6.239225913000041], [116.72779235000007, 6.227672404000032], [116.7028045720001, 6.22825008500007], [116.69350679400009, 6.227094722000061], [116.68653346000008, 6.224783987000023], [116.6813034600001, 6.21900710500006], [116.66851901500002, 6.20918626100007], [116.66038345900006, 6.208030855000061], [116.64620434800008, 6.226147322000031]]]}}, {"type": "Feature", "id": "Kuala Penyu", "properties": {"district": "Kuala Penyu", "rep_lon": 115.4909113533904, "rep_lat": 5.447825095500036}, "geometry": {"type": "Polygon", "coordinates": [[[115.65468929600002, 5.541000413000063], [115.65431738500001, 5.521751087000041], [115.59853071700002, 5.518419410000035], [115.50745898100001, 5.409065281000039], [115.49816120300011, 5.405594130000054], [115.48944453600006, 5.392866407000042], [115.48247120200006, 5.370302969000022], [115.48130898000011, 5.335009765000052], [115.47724120200007, 5.317651706000049], [115.47317342400004, 5.307236635000038], [115.4621323130001, 5.29277096800007], [115.44063120100009, 5.275990370000045], [115.43598231200008, 5.260945310000068], [115.42900897800007, 5.259209318000046], [115.415643423, 5.271361159000037], [115.39762897800006, 5.284670046000031], [115.38310119900007, 5.291613700000028], [115.37787119900008, 5.296242759000052], [115.38368231000004, 5.306079394000051], [115.38252008800009, 5.310129728000049], [115.37729008800011, 5.311865577000049], [115.37206008800001, 5.302029034000043], [115.36624897700005, 5.297400018000076], [115.35695119900004, 5.29392823400002], [115.33893675400009, 5.295664128000055], [115.34068008700001, 5.300871783000048], [115.35695119900004, 5.314758648000065], [115.36334342100008, 5.322859175000076], [115.36450564300003, 5.329802399000073], [115.36276231000011, 5.346581532000073], [115.36857342100006, 5.35178875500003], [115.37206008800001, 5.358731651000028], [115.37206008800001, 5.376088546000062], [115.36566786600008, 5.385923900000023], [115.36508675400012, 5.39228786700005], [115.36973564300001, 5.399230302000035], [115.37729008800011, 5.408486757000048], [115.38484453300009, 5.413114931000052], [115.40518342200005, 5.416007522000029], [115.41215675600006, 5.418321585000058], [115.42494120100002, 5.427577748000033], [115.43946897900003, 5.443775691000042], [115.444698979, 5.451874500000031], [115.47881996500007, 5.488018840000052], [115.48596065800007, 5.492046671000026], [115.50214623000011, 5.507446953000056], [115.52713865800001, 5.527822096000023], [115.54570446100001, 5.538720141000056], [115.5540352700001, 5.549381077000021], [115.56260410200002, 5.565727472000049], [115.56284212600008, 5.574492743000064], [115.56450828700008, 5.577335505000065], [115.57593339700009, 5.585626817000048], [115.57736153600001, 5.589180201000033], [115.57688549000011, 5.595102459000032], [115.5856923450001, 5.606236141000068], [115.5856923450001, 5.614527043000066], [115.59116687700009, 5.618790889000024], [115.5895007150001, 5.624949724000032], [115.59140490000004, 5.628265992000024], [115.59521327000004, 5.630634744000076], [115.60163989400007, 5.630634744000076], [115.61020872600011, 5.623054705000072], [115.6156832580001, 5.624475970000049], [115.619967674, 5.618317130000037], [115.62068174300009, 5.611210696000057], [115.60949465700003, 5.589653984000051], [115.60568628700003, 5.571649967000042], [115.61711139700003, 5.558620400000052], [115.65468929600002, 5.541000413000063]]]}}, {"type": "Feature", "id": "Kudat", "properties": {"district": "Kudat", "rep_lon": 117.17019103654198, "rep_lat": 7.230210293000056}, "geometry": {"type": "MultiPolygon", "coordinates": [[[[116.64100503183774, 6.698812512291388], [116.64136950300008, 6.699536481000052], [116.63560133618601, 6.698862506142238], [116.63751650400002, 6.700733243000059], [116.64084882800012, 6.70357000100006], [116.64275301300006, 6.707352320000041], [116.64537126700009, 6.723190461000058], [116.64275301300006, 6.735009633000061], [116.64061080500005, 6.739737221000041], [116.63751650400002, 6.742100998000069], [116.63632638900003, 6.749192260000029], [116.63442220400009, 6.75179236300005], [116.63251801900003, 6.750846872000068], [116.63251801900003, 6.757938005000028], [116.63632638900003, 6.763374470000031], [116.627757556, 6.778028984000059], [116.62751953300005, 6.782047080000041], [116.63037581100002, 6.784410649000051], [116.63347011100007, 6.783465223000064], [116.64441917500005, 6.794810219000055], [116.6437051050001, 6.799537222000026], [116.64822754400006, 6.80946377600003], [116.65203591400007, 6.813481609000064], [116.66465114000005, 6.817263068000045], [116.66774544000009, 6.818917446000057], [116.6682214860001, 6.821517173000075], [116.66346102400007, 6.830025271000068], [116.66203288500003, 6.827661925000029], [116.65989067700002, 6.829788937000046], [116.65417812200008, 6.829079934000049], [116.64917963700009, 6.834279263000042], [116.64322905900008, 6.836878906000038], [116.6420389430001, 6.859329781000042], [116.6398967350001, 6.86263824200006], [116.66774544000009, 6.874217673000032], [116.677980434, 6.882724830000029], [116.68702531300005, 6.896430485000053], [116.70559111600005, 6.927857471000038], [116.70773332400006, 6.95006776200006], [116.70559111600005, 6.948650116000067], [116.70202076900011, 6.951249132000044], [116.70225879200007, 6.95361186100007], [116.70630518500002, 6.95904609300004], [116.72272878000001, 6.964007729000059], [116.72344285000008, 6.966134128000022], [116.71915843400006, 6.971095688000048], [116.72130064200007, 6.972277004000034], [116.72368087300003, 6.97015063300006], [116.72606110400011, 6.970859425000071], [116.72629912700006, 6.972985793000021], [116.72153866500003, 6.974639628000034], [116.72153866500003, 6.978656060000048], [116.72463296500007, 6.98361748800005], [116.73082156600003, 7.004407661000073], [116.72677517300008, 7.01220373600006], [116.72986947400011, 7.01220373600006], [116.73748621400011, 7.015511123000067], [116.74272272200005, 7.021889588000022], [116.74438888400005, 7.025196906000076], [116.74272272200005, 7.035354949000066], [116.74367481500008, 7.037008563000029], [116.74653109200005, 7.035354949000066], [116.75343376300009, 7.035118718000035], [116.75962236400005, 7.026614321000068], [116.76676305700005, 7.022598301000073], [116.77842619000012, 7.012439979000021], [116.77890223600002, 7.008660082000063], [116.78294862900009, 7.003698920000033], [116.7888992070001, 6.999682703000076], [116.7943737390001, 6.990941404000068], [116.79984827100009, 6.986452566000025], [116.80175245600003, 6.974639628000034], [116.80556082600003, 6.970859425000071], [116.815557796, 6.970386897000026], [116.82174639800007, 6.965897862000077], [116.82936313700009, 6.964480263000041], [116.8391220850001, 6.946759913000051], [116.83602778500006, 6.934945976000051], [116.83793197000011, 6.929511465000076], [116.85030917200004, 6.905882430000077], [116.85340347200008, 6.896666786000026], [116.86006812000005, 6.887214657000072], [116.85935405000009, 6.879652818000068], [116.85744986500004, 6.87681709800006], [116.85197533400003, 6.875399231000074], [116.84745289400007, 6.878943890000073], [116.84031220100007, 6.878943890000073], [116.83269546100007, 6.888396183000054], [116.83055325300006, 6.887450963000049], [116.82745895200003, 6.889577707000058], [116.82388860600008, 6.889105098000073], [116.81960419000006, 6.886033128000065], [116.82103232800011, 6.878707580000025], [116.81412965800007, 6.87681709800006], [116.81484372700004, 6.870909293000068], [116.8091311720001, 6.870672979000062], [116.8041326870001, 6.872090859000025], [116.80175245600003, 6.87681709800006], [116.7888992070001, 6.885796822000032], [116.78723304500011, 6.885087902000066], [116.78818513800002, 6.879416509000066], [116.79342164700006, 6.872563485000057], [116.78866118400003, 6.869964037000045], [116.78794711500007, 6.865237730000047], [116.79127943800006, 6.864056146000053], [116.80008629400004, 6.864765097000031], [116.796991993, 6.861220333000063], [116.8003243170001, 6.856966581000052], [116.796991993, 6.851767499000061], [116.79961024800002, 6.849876910000035], [116.80365664100009, 6.850822205000043], [116.80984524200005, 6.860038739000061], [116.81246349600008, 6.860747695000043], [116.81579582000006, 6.860038739000061], [116.81960419000006, 6.861220333000063], [116.82198442100002, 6.859802420000051], [116.82745895200003, 6.861456651000026], [116.84554870900001, 6.856966581000052], [116.85697381900002, 6.858384502000035], [116.85887800400008, 6.856257618000029], [116.85316544900002, 6.853421758000025], [116.8522133570001, 6.851058529000056], [116.8391220850001, 6.841841822000049], [116.84245440900008, 6.835933583000042], [116.85340347200008, 6.823880549000023], [116.86078218900002, 6.821989849000033], [116.86292439700003, 6.823644212000033], [116.86340044300005, 6.826243913000042], [116.86792288200002, 6.823407874000054], [116.85673579600007, 6.818917446000057], [116.8543555650001, 6.806627639000055], [116.8522133570001, 6.802846096000053], [116.85197533400003, 6.791737642000044], [116.85578370300004, 6.784647006000057], [116.85911602700003, 6.772829046000027], [116.85792591200004, 6.77070178300005], [116.85149928700002, 6.768810874000053], [116.84483464000004, 6.759592588000032], [116.84319544200002, 6.752960373000064], [116.82111321900004, 6.734493474000033], [116.81355877400006, 6.716602995000073], [116.80193655200003, 6.701020429000039], [116.79844988500008, 6.692940383000064], [116.79199350800002, 6.684657967000021], [116.77652200500006, 6.683239535000041], [116.77652200500006, 6.679220622000059], [116.79008932300007, 6.677329357000076], [116.7576991760321, 6.637793399800081], [116.75405857300007, 6.649299368000072], [116.75777768500006, 6.664814320000062], [116.75331475100006, 6.678481848000047], [116.74513270600005, 6.679590009000037], [116.70199101600008, 6.677373684000031], [116.69232132700006, 6.680328782000061], [116.68413928200005, 6.68660830500005], [116.64880772600009, 6.68660830500005], [116.64174141400008, 6.684761395000066], [116.63950994800007, 6.681806324000036], [116.63541892500007, 6.683653245000073], [116.63541892500007, 6.68600251728266], [116.63666854700011, 6.688484758000072], [116.640015747, 6.690331655000023], [116.64224721300002, 6.693286674000035], [116.64197044372247, 6.693314162195975], [116.64248523700007, 6.693995876000031], [116.63887947120975, 6.694353993674026], [116.63876612500007, 6.694365251000022], [116.64100503183774, 6.698812512291388]]], [[[117.04743446400005, 7.079241161000027], [117.0375352000001, 7.087948537000045], [117.042034865, 7.09274868600005], [117.04495964800003, 7.090962590000061], [117.05362150300004, 7.091185852000024], [117.0584586440001, 7.087167112000031], [117.05834615200001, 7.084376300000031], [117.04743446400005, 7.079241161000027]]], [[[117.09562138100011, 7.107514972000047], [117.09554938600002, 7.105871816000047], [117.08892587800005, 7.10087087200003], [117.08568611900012, 7.103085582000062], [117.08741399100006, 7.105514608000021], [117.09353353600011, 7.108729474000029], [117.09562138100011, 7.107514972000047]]], [[[117.0964133220001, 7.12844683000003], [117.09972507500004, 7.131804412000065], [117.10994831500011, 7.134161848000076], [117.11088424600007, 7.135519154000065], [117.1128281010001, 7.134304722000024], [117.11268411200001, 7.131804412000065], [117.10426073800011, 7.125732172000028], [117.09727725700009, 7.125517856000045], [117.0964133220001, 7.12844683000003]]], [[[117.14976135500001, 7.145520232000024], [117.14616162300001, 7.141877008000051], [117.1506252910001, 7.140805465000028], [117.15048130100001, 7.139019556000051], [117.14500970800009, 7.133233162000067], [117.14241790100004, 7.125732172000028], [117.1399700830001, 7.124589153000045], [117.13730628100006, 7.125303541000051], [117.13579439400007, 7.123946204000049], [117.13262662900001, 7.124874908000038], [117.12888290700005, 7.131090035000057], [117.13449849000006, 7.134447597000076], [117.13320258600004, 7.13694789300007], [117.12765899800002, 7.136662145000059], [117.12081950700008, 7.132447350000064], [117.116283844, 7.135876339000049], [117.11844368400011, 7.141162646000055], [117.1285229340001, 7.143377162000036], [117.1378102440001, 7.154092411000022], [117.14320984200003, 7.15594969600005], [117.14925739300008, 7.155806828000038], [117.14544167600002, 7.152449423000064], [117.14608962800003, 7.150449255000069], [117.14997733900009, 7.148520513000051], [117.14976135500001, 7.145520232000024]]], [[[117.1527851300001, 7.169093337000049], [117.15926464800009, 7.167307538000045], [117.16070454100009, 7.164021651000041], [117.15660084600006, 7.161950101000059], [117.15163321600005, 7.160164274000067], [117.14925739300008, 7.162735862000034], [117.14968936000002, 7.166521785000043], [117.1527851300001, 7.169093337000049]]], [[[117.28653675300006, 7.336863386000061], [117.29065632000004, 7.336318607000067], [117.28818458, 7.332505138000045], [117.2955998000001, 7.326240081000037], [117.29340269800002, 7.316978532000064], [117.29175487100008, 7.31507171800007], [117.2829664620001, 7.310168446000034], [117.28379037600007, 7.306899568000063], [117.2782976200001, 7.306354753000051], [117.27335414000004, 7.301178975000028], [117.27390341500006, 7.292461739000032], [117.262917904, 7.27611646400004], [117.262917904, 7.270395477000022], [117.26484036900001, 7.265764148000073], [117.27060776200005, 7.264946850000058], [117.27417805300001, 7.266581445000043], [117.27692443100011, 7.265219283000022], [117.27664979300005, 7.26303981500007], [117.27417805300001, 7.261132772000053], [117.26950921100001, 7.259770593000042], [117.26346718000002, 7.254321838000067], [117.26017152600002, 7.253504519000046], [117.25934761300005, 7.25214231700005], [117.26127007700006, 7.250235228000065], [117.26127007700006, 7.245876137000039], [117.26648819500008, 7.244786357000066], [117.26868529800004, 7.247238357000072], [117.27335414000004, 7.244786357000066], [117.27692443100011, 7.244786357000066], [117.27692443100011, 7.248873017000051], [117.27857225800005, 7.250235228000065], [117.280220084, 7.249417902000062], [117.28241718700008, 7.248055688000022], [117.28049472200007, 7.240154765000057], [117.28186791100006, 7.238792523000029], [117.28049472200007, 7.236885377000021], [117.27857225800005, 7.239064972000051], [117.27774834400009, 7.236885377000021], [117.27912153300008, 7.234705772000041], [117.28324110000005, 7.233343514000069], [117.27582588000007, 7.225169877000042], [117.27692443100011, 7.221900381000069], [117.2717063130001, 7.21263668000006], [117.2656642820001, 7.207459823000022], [117.26127007700006, 7.206097482000075], [117.26017152600002, 7.199558191000051], [117.25605196000004, 7.197105932000056], [117.25797442400005, 7.196016035000071], [117.26044616400009, 7.190021555000044], [117.25962225100011, 7.187841724000066], [117.25687587300001, 7.185934364000047], [117.24891137700001, 7.184844440000063], [117.24589036200007, 7.182664585000055], [117.24259470800007, 7.184571959000039], [117.24094688200012, 7.188114204000044], [117.24726355100006, 7.19901324600005], [117.24781282600009, 7.216723630000047], [117.25165775500011, 7.22571479100003], [117.24616499900003, 7.222445298000025], [117.24369325900011, 7.218358400000056], [117.24396789700006, 7.21263668000006], [117.24012296800004, 7.212364215000036], [117.23874977900005, 7.216996092000045], [117.23655267700008, 7.215633780000076], [117.23655267700008, 7.207459823000022], [117.22913745700009, 7.200648079000075], [117.2277642680001, 7.192201375000025], [117.22034904800012, 7.184571959000039], [117.21650411900009, 7.184571959000039], [117.21238455200012, 7.189204120000056], [117.20414541900004, 7.186751805000029], [117.19288527000003, 7.18647932500005], [117.18601932500007, 7.190566511000043], [117.17695627800003, 7.186206845000072], [117.17173816000002, 7.185934364000047], [117.16514685400011, 7.179667266000024], [117.15800627100009, 7.178849813000056], [117.147844673, 7.17312759400005], [117.13713380000002, 7.161955437000074], [117.13164104400005, 7.161410447000037], [117.1266975640001, 7.157050501000072], [117.12038089500004, 7.154870513000049], [117.11159248600006, 7.14860298800005], [117.11049393500002, 7.145877950000056], [117.10692364400006, 7.143152896000061], [117.09868451000011, 7.138520268000036], [117.09236784100005, 7.139065285000072], [117.08907218800005, 7.137702740000066], [117.0907200150001, 7.133070056000065], [117.08797363700012, 7.128982355000062], [117.09291711700007, 7.125439651000022], [117.09181856600003, 7.118899202000023], [117.08522725900002, 7.111268561000031], [117.08248088100004, 7.105818025000076], [117.0761642120001, 7.101457550000021], [117.07286855900009, 7.101457550000021], [117.07726276300002, 7.112631185000055], [117.07588957400003, 7.11835416100007], [117.07122073200003, 7.119171723000022], [117.06298159900007, 7.127074748000041], [117.06133377200001, 7.125712167000074], [117.05996058300002, 7.129527384000028], [117.06380551200004, 7.133615080000027], [117.0635308740001, 7.142880390000073], [117.06572797600006, 7.149147994000032], [117.06325623600003, 7.154598013000054], [117.06325623600003, 7.160320464000051], [117.06490406300009, 7.160320464000051], [117.0668265270001, 7.163590404000047], [117.07396711000001, 7.168222779000075], [117.07451638500004, 7.176397442000052], [117.06188304700004, 7.175035008000066], [117.05913667000004, 7.176397442000052], [117.05886203200009, 7.178577328000074], [117.0621576850001, 7.180212235000056], [117.0621576850001, 7.182937067000069], [117.05446782700005, 7.184571959000039], [117.05309463800006, 7.192473852000035], [117.05858739400003, 7.197650880000026], [117.06325623600003, 7.198468300000059], [117.06572797600006, 7.205280076000065], [117.06462942500002, 7.20773229100007], [117.05693956700009, 7.208549692000076], [117.05501710300007, 7.210729423000032], [117.0555663780001, 7.216996092000045], [117.06050985800005, 7.227077072000043], [117.05913667000004, 7.235250675000032], [117.06572797600006, 7.246965913000054], [117.0668265270001, 7.249962786000026], [117.06572797600006, 7.253232079000043], [117.06957290500009, 7.260315465000076], [117.06231148200004, 7.282077110000046], [117.06301455500011, 7.286958896000044], [117.06125687300005, 7.290968895000049], [117.06178417800004, 7.29306105400002], [117.06881490500007, 7.294804512000042], [117.0702210500001, 7.299860504000037], [117.07303334100004, 7.299686160000022], [117.07514256000002, 7.301255250000054], [117.07461525500003, 7.305265121000048], [117.07566986400002, 7.305962486000055], [117.08106946300006, 7.305244200000061], [117.081856904, 7.302119990000051], [117.08624407800005, 7.302901045000056], [117.0875939770001, 7.305021042000021], [117.08714401100008, 7.30847996500006], [117.08916886000009, 7.311380976000066], [117.09546839200004, 7.312719898000068], [117.09670580000011, 7.311380976000066], [117.0992931080001, 7.312831474000063], [117.10109297400004, 7.311380976000066], [117.10221789000002, 7.312943051000047], [117.10705503000008, 7.309484163000036], [117.11020479600006, 7.311046245000057], [117.1145919700001, 7.31751766800005], [117.11864166900011, 7.313724087000026], [117.12257887600003, 7.314951425000061], [117.13191568200011, 7.323765850000029], [117.13000332400009, 7.32990237100006], [117.1332888710001, 7.328419241000063], [117.13548597300007, 7.328964029000076], [117.13740843800008, 7.330053604000057], [117.13960554000005, 7.334684267000057], [117.14482365800006, 7.33659099700003], [117.14866858700009, 7.345307370000057], [117.14811931100007, 7.34939311200003], [117.15141496400008, 7.352934057000027], [117.1552598930001, 7.351027398000042], [117.15471061800008, 7.347758820000024], [117.1599287360001, 7.342038750000029], [117.16514685400011, 7.341493978000074], [117.1692664200001, 7.342311136000035], [117.176407003, 7.351027398000042], [117.181075845, 7.352389298000048], [117.181075845, 7.357019728000068], [117.18299830900003, 7.358926362000034], [117.18794179000008, 7.359743488000049], [117.19068816700008, 7.360015863000058], [117.19151208100004, 7.357292105000056], [117.19343454500006, 7.357019728000068], [117.19700483600002, 7.352934057000027], [117.20277223000005, 7.351299778000055], [117.20826498500003, 7.357019728000068], [117.21540556800005, 7.359743488000049], [117.23655267700008, 7.362194858000066], [117.24369325900011, 7.357292105000056], [117.26127007700006, 7.351299778000055], [117.27280486400002, 7.350210255000036], [117.27939617100003, 7.351844538000023], [117.28159327300011, 7.349937874000034], [117.28653675300006, 7.336863386000061]]], [[[117.00384865100011, 7.277989390000073], [116.99741182800005, 7.286928249000027], [116.99312061300009, 7.290333481000062], [116.99183324800003, 7.294164337000041], [116.99354973400011, 7.297569515000021], [116.99912831400002, 7.302677232000065], [116.99483709900005, 7.302677232000065], [116.98110521000001, 7.306933619000063], [116.96651507700005, 7.289907829000072], [116.96565683400001, 7.273732728000027], [116.968231564, 7.269476026000063], [116.98024696700008, 7.264367930000049], [116.98282169600009, 7.260962500000062], [116.98625466800002, 7.243509269000072], [116.97724311600007, 7.241806478000058], [116.95836176800003, 7.249468985000021], [116.95364143100005, 7.249468985000021], [116.94548812200003, 7.240955080000049], [116.93218535500012, 7.234143841000048], [116.9240320450001, 7.235846661000039], [116.91502049300004, 7.240955080000049], [116.90686718400002, 7.237549474000048], [116.90214684700004, 7.23797517600002], [116.90043036100008, 7.227332499000056], [116.89399353800002, 7.22435250500007], [116.88755671500007, 7.228609634000065], [116.88369462100002, 7.229461055000058], [116.87854516300001, 7.228183923000074], [116.86996273200009, 7.220946773000037], [116.8703918540001, 7.216689572000064], [116.87339570400002, 7.214135232000046], [116.88026164900009, 7.217115294000052], [116.8854111070001, 7.22435250500007], [116.88927320100004, 7.21456095700006], [116.89485178100006, 7.209452239000029], [116.8854111070001, 7.206046395000044], [116.88412374300003, 7.204343463000043], [116.8751121900001, 7.202640525000049], [116.86052205800002, 7.193699995000031], [116.85322699200003, 7.200937580000073], [116.86481327400008, 7.221372491000068], [116.86695888100007, 7.232441015000063], [116.86610063800003, 7.243509269000072], [116.87082097500002, 7.249468985000021], [116.87339570400002, 7.258408411000062], [116.88240725700007, 7.269476026000063], [116.88197813500005, 7.277138061000073], [116.88841495800011, 7.289482176000035], [116.89613914600011, 7.288630868000041], [116.90643806300011, 7.291610437000031], [116.90901279200011, 7.294589986000062], [116.90944191300002, 7.300549024000077], [116.9188825870001, 7.300974666000059], [116.9188825870001, 7.297569515000021], [116.92274468100004, 7.292036088000032], [116.92531941000004, 7.291184785000041], [116.93218535500012, 7.292887389000043], [116.94420075800008, 7.300549024000077], [116.94806285100003, 7.30140030900003], [116.96179474100006, 7.312892493000049], [116.96737332100008, 7.315871900000047], [116.97509750800009, 7.317574409000031], [116.98797115400009, 7.32693809400007], [116.98968764000006, 7.337578407000024], [116.98925851900003, 7.343962472000044], [116.99698270600004, 7.350772041000027], [117.00041567900007, 7.358007093000026], [117.00813986600008, 7.356730328000026], [117.0111437170001, 7.352474417000053], [117.01629317600009, 7.338855227000067], [117.0214426340001, 7.318425661000049], [117.02015526900004, 7.306933619000063], [117.01629317600009, 7.290759134000041], [117.0240173630001, 7.280117706000055], [117.01929702600012, 7.272881391000055], [117.00384865100011, 7.277989390000073]]], [[[117.32241085100009, 7.066877522000027], [117.32452007000006, 7.070889461000036], [117.32627775100002, 7.07106389300003], [117.33032042000002, 7.067924118000064], [117.33401155100012, 7.063563285000043], [117.33436308800003, 7.061818940000023], [117.33225387000005, 7.059725717000049], [117.33366001500008, 7.057981358000063], [117.3401634380001, 7.055888118000041], [117.34332726500008, 7.050654977000022], [117.34754570100006, 7.049085023000032], [117.3473699330001, 7.045945099000051], [117.34543648300007, 7.045770658000038], [117.34403033800004, 7.043154038000068], [117.34754570100006, 7.038444084000048], [117.34156958300002, 7.038618528000029], [117.33119926100005, 7.031640733000074], [117.32557467900006, 7.033210746000066], [117.321707779, 7.036350756000047], [117.32153201100004, 7.038269641000056], [117.31748934200004, 7.036699645000056], [117.32118047400002, 7.032164072000057], [117.32276238800011, 7.024313936000055], [117.3187197200001, 7.023441691000073], [117.31678627000008, 7.020476044000077], [117.30865354100001, 7.015577854000071], [117.30528995100008, 7.014480294000066], [117.30063621700003, 7.015303464000056], [117.29123659600009, 7.022757659000035], [117.28722793400004, 7.021888772000068], [117.28091544300003, 7.028794098000049], [117.28013214100008, 7.035013377000041], [117.28188305100002, 7.037482773000022], [117.27861161400006, 7.038214444000062], [117.27741362300003, 7.040409448000048], [117.27805869600002, 7.042924545000062], [117.27372749800008, 7.039723511000034], [117.27160797500005, 7.04214715300003], [117.2660327100001, 7.041552676000038], [117.26451218300008, 7.042833087000076], [117.26299165600005, 7.048914993000039], [117.26630916900001, 7.052390332000073], [117.26847476800003, 7.052115964000052], [117.27110113300012, 7.04836625300004], [117.28109974900008, 7.047954698000069], [117.280638984, 7.04987528700002], [117.27308242600009, 7.056277193000028], [117.26746108300006, 7.054265175000069], [117.26170151200006, 7.056505831000038], [117.26220835400011, 7.062907646000042], [117.26875122800004, 7.066474333000031], [117.26676993500007, 7.070543981000071], [117.26944237600003, 7.074384964000046], [117.27303634900011, 7.073973432000059], [117.28073113700009, 7.077128504000029], [117.28980822200003, 7.075893913000073], [117.29137482500005, 7.072007216000031], [117.28819554200004, 7.069355099000063], [117.28902492000009, 7.068349119000061], [117.29220420400009, 7.069995267000024], [117.29657292900004, 7.069145144000061], [117.300791365, 7.071238324000035], [117.30272481500003, 7.070366167000032], [117.30290058300011, 7.072808203000022], [117.30043982900008, 7.076296803000048], [117.300791365, 7.079436521000048], [117.31696203800004, 7.070715030000031], [117.31485282000006, 7.06774968600007], [117.31661050100001, 7.065307623000024], [117.3192470240001, 7.064784322000037], [117.32241085100009, 7.066877522000027]]], [[[117.25782532000005, 7.071221300000047], [117.25602545400011, 7.071864323000057], [117.26077710000004, 7.074650745000042], [117.26300893500002, 7.072793132000072], [117.25782532000005, 7.071221300000047]]], [[[117.27085635100002, 7.075508103000061], [117.26912848000006, 7.076079673000038], [117.26956044700012, 7.078866070000061], [117.276615923, 7.088939827000047], [117.28194352700007, 7.090225823000026], [117.28086360700001, 7.081366669000033], [117.27791182600004, 7.079080408000038], [117.275248024, 7.079223300000024], [117.27085635100002, 7.075508103000061]]], [[[117.20152550600005, 7.165950327000076], [117.20238944200003, 7.163450190000049], [117.19886170400002, 7.160307140000043], [117.19094229300003, 7.157306937000044], [117.18863846400006, 7.158164140000054], [117.18820649600002, 7.160450007000065], [117.1826629090001, 7.160235707000027], [117.1748154920001, 7.15480675200007], [117.17193570600011, 7.149306298000056], [117.16351233300009, 7.147877598000036], [117.16092052500005, 7.151163602000054], [117.16646411300007, 7.159307075000072], [117.16524020400004, 7.163235891000056], [117.16610414000002, 7.166450353000073], [117.17063980300009, 7.171164855000029], [117.18014309600005, 7.17280777600007], [117.19590992400003, 7.179736552000065], [117.19929367200007, 7.17573644600003], [117.2047652650001, 7.175522154000021], [117.20166949500003, 7.173022069000069], [117.20426130300007, 7.170379108000077], [117.20152550600005, 7.165950327000076]]], [[[117.34272500700001, 7.196999994000066], [117.33563803400011, 7.196107151000035], [117.33181331900005, 7.196441967000055], [117.32990096100002, 7.198116046000052], [117.32686368700001, 7.196999994000066], [117.3193267470001, 7.198785676000057], [117.32202654600007, 7.20525871500007], [117.32888853600002, 7.206374746000051], [117.33327571000007, 7.202133811000067], [117.34058766600003, 7.201798999000061], [117.34418739900002, 7.200013329000058], [117.34272500700001, 7.196999994000066]]], [[[117.31055239900002, 7.217200111000068], [117.30931499100006, 7.21162005900004], [117.31145233300003, 7.207155967000062], [117.30740263400003, 7.20336145400006], [117.30391539300001, 7.203919473000042], [117.30256549300009, 7.20525871500007], [117.30526529300005, 7.218539314000054], [117.29367865400002, 7.221217707000051], [117.29199128000005, 7.225123668000037], [117.29255373800004, 7.227690424000059], [117.29727838600002, 7.231373136000059], [117.30492781800001, 7.241193554000063], [117.31493957300006, 7.242309497000065], [117.31820183100001, 7.244429781000065], [117.32213903800005, 7.242086308000069], [117.32135159600011, 7.235390605000021], [117.31505206500003, 7.226239651000071], [117.31538954000007, 7.222891694000054], [117.31055239900002, 7.217200111000068]]], [[[117.33912527500001, 7.226686043000029], [117.33743790000005, 7.223003293000033], [117.3331632180001, 7.22010171200003], [117.32888853600002, 7.221552505000034], [117.3209016300001, 7.22043651000007], [117.31820183100001, 7.223561288000042], [117.31853930600005, 7.227913620000038], [117.32157658000006, 7.23204271700007], [117.32405139600007, 7.232712296000045], [117.325401295, 7.230368763000058], [117.32990096100002, 7.230257166000058], [117.334063151, 7.232600700000035], [117.3382253420001, 7.229922374000068], [117.33912527500001, 7.226686043000029]]], [[[117.28816656400011, 7.299330499000064], [117.28996643000005, 7.303347361000021], [117.29615347000004, 7.306917874000021], [117.29795333600009, 7.306025249000072], [117.29952821900008, 7.300892616000056], [117.29727838600002, 7.297322055000052], [117.2943536040001, 7.295871506000026], [117.29514104500004, 7.287837612000033], [117.2917662960001, 7.285382782000056], [117.28681666400007, 7.287391280000065], [117.28591673100004, 7.292635649000033], [117.28827905600008, 7.29553676300003], [117.28816656400011, 7.299330499000064]]]]}}, {"type": "Feature", "id": "Kunak", "properties": {"district": "Kunak", "rep_lon": 118.0183280989796, "rep_lat": 4.692737447500065}, "geometry": {"type": "MultiPolygon", "coordinates": [[[[117.82376793800006, 4.63394992800005], [117.81447016000004, 4.651905259000046], [117.79529349300003, 4.66522666000003], [117.79006349300005, 4.673335216000055], [117.78773904800005, 4.68202284900002], [117.79006349300005, 4.702293575000056], [117.77379238100002, 4.701714419000041], [117.7697246030001, 4.710980848000077], [117.76914349200001, 4.728355069000031], [117.75926460300002, 4.737042016000032], [117.75229127000011, 4.746307973000057], [117.74938571400003, 4.754415583000025], [117.7406690470001, 4.76426040900003], [117.75574911300009, 4.759027149000076], [117.77526700900012, 4.746218094000028], [117.78621607200012, 4.742185564000067], [117.79573699700006, 4.741711147000046], [117.81501687000002, 4.745269265000047], [117.83905720500002, 4.75926435100007], [117.85786103100008, 4.763059580000061], [117.87309451100009, 4.776342715000055], [117.87999718100002, 4.785593317000064], [117.88951810600008, 4.788914016000035], [117.9014192620001, 4.790337168000065], [117.9085599550001, 4.779189067000061], [117.92855389700003, 4.777291500000047], [117.95272812000007, 4.781308999000032], [117.95644723100008, 4.794280468000068], [117.95607532000008, 4.817257894000022], [117.9646292760001, 4.824669801000027], [117.97615852100012, 4.830969859000049], [117.98843158800003, 4.84134629600004], [117.99177878800003, 4.858763530000033], [118.00144847700005, 4.878403701000025], [118.00702714400006, 4.88285045300006], [118.04682163400003, 4.889149967000037], [118.11041843600003, 4.883962136000036], [118.11860048000005, 4.880256518000067], [118.12492297000006, 4.870992383000043], [118.13012972500007, 4.868768972000055], [118.13459265900008, 4.840234543000065], [118.1397994140001, 4.838381616000049], [118.15021292600011, 4.838381616000049], [118.15690732600001, 4.840234543000065], [118.16732083700003, 4.837640444000044], [118.16694892600003, 4.827263950000031], [118.17103994900003, 4.820593262000045], [118.19000741600007, 4.803916257000026], [118.19670181600009, 4.786127002000057], [118.19930519400009, 4.77463786200002], [118.19632990500008, 4.760924766000073], [118.2007928380001, 4.755735956000024], [118.2056276830001, 4.744616945000075], [118.20904461600003, 4.742254132000028], [118.21427461700011, 4.731250730000056], [118.22299128400005, 4.726617667000028], [118.22647795000012, 4.722563710000031], [118.22647795000012, 4.719088872000043], [118.2241535060001, 4.715614016000075], [118.22589683900003, 4.709822551000059], [118.23926239500008, 4.702872730000024], [118.24565461800012, 4.694185355000059], [118.24972239500005, 4.691289540000071], [118.25379017300008, 4.691289540000071], [118.257857951, 4.687814545000037], [118.257857951, 4.682602021000037], [118.26425017400004, 4.675651929000026], [118.2654123960001, 4.663489101000039], [118.27006128500011, 4.659434778000048], [118.28807573000006, 4.661172348000036], [118.2921435080001, 4.655959625000037], [118.29911684100011, 4.655959625000037], [118.30434684200009, 4.651326062000066], [118.30202239700009, 4.641479639000067], [118.30318461900004, 4.635108351000042], [118.30725239700007, 4.629316221000067], [118.32003684200004, 4.630474650000053], [118.32410462000007, 4.626999355000066], [118.32178017500007, 4.602671813000029], [118.3089957310001, 4.596879418000071], [118.30318461900004, 4.591666222000072], [118.29795461900005, 4.578343438000047], [118.28865684100003, 4.570233796000025], [118.27587239600007, 4.566178941000032], [118.27412906300003, 4.55980697900003], [118.27064239600008, 4.556331339000053], [118.25611461800008, 4.555752064000046], [118.24914128400007, 4.543007899000031], [118.25379017300008, 4.523891228000025], [118.25437128400006, 4.511725812000066], [118.25204684000005, 4.505932685000062], [118.24047341800008, 4.497402557000044], [118.23649630600005, 4.501807950000057], [118.23463675100004, 4.507369384000071], [118.23798395100005, 4.515896834000046], [118.23612439500005, 4.522941175000028], [118.23277719500004, 4.525536440000053], [118.23872777300005, 4.529243947000055], [118.23463675100004, 4.534434425000029], [118.23649630600005, 4.537400394000031], [118.23575248400005, 4.544073783000044], [118.22087603900002, 4.565947234000021], [118.22013221700001, 4.573732539000048], [118.21641310500002, 4.576698346000057], [118.20934679400011, 4.577439797000068], [118.20377246500004, 4.579965496000057], [118.2019085720001, 4.583742092000023], [118.18108154900006, 4.584112813000047], [118.17699052700004, 4.586707859000057], [118.17513097100004, 4.591897921000054], [118.17029612600004, 4.593751505000057], [118.16174217100001, 4.600424369000052], [118.15690732600001, 4.596717230000024], [118.15095674800011, 4.595975800000076], [118.1457499920001, 4.59745865900004], [118.14128705900009, 4.600795082000047], [118.12269150300006, 4.602648643000066], [118.11748474700005, 4.607467880000058], [118.10893079100003, 4.603390066000031], [118.10707123600002, 4.59931222900002], [118.10409594700002, 4.598200088000056], [118.10074874700001, 4.600053656000057], [118.098145369, 4.60450220000007], [118.09740154700012, 4.611174963000053], [118.0884756800001, 4.608580007000057], [118.0840127460001, 4.609692132000021], [118.07954981300009, 4.615994142000034], [118.06950821200007, 4.617106255000067], [118.05611941200004, 4.627485898000032], [118.05165647800004, 4.626003101000038], [118.04310252300002, 4.617106255000067], [118.03938341100002, 4.616364846000067], [118.03157327800011, 4.620813288000022], [118.0282260780001, 4.626744500000029], [118.0230193220001, 4.627856596000072], [118.01744065500009, 4.622296095000024], [118.00628332200006, 4.623778900000048], [117.99921701000005, 4.615252732000044], [117.98880349900003, 4.617106255000067], [117.98396865400002, 4.615252732000044], [117.97950572100001, 4.610804255000062], [117.95719105300009, 4.611916377000057], [117.95198429800007, 4.630451482000069], [117.94752136400007, 4.640089545000023], [117.94417416400006, 4.644167147000076], [117.93487638600004, 4.643796457000064], [117.93152918600003, 4.645279216000063], [117.91962803000001, 4.639348160000054], [117.918512297, 4.634529140000041], [117.91367745200012, 4.631563573000051], [117.89842909600009, 4.626003101000038], [117.88764367400006, 4.618589071000031], [117.88504029600006, 4.613399203000029], [117.88094927300006, 4.610804255000062], [117.87537060700004, 4.610804255000062], [117.87053576200003, 4.608950715000049], [117.86756047300003, 4.605243621000056], [117.86272562800002, 4.602648643000066], [117.8459896280001, 4.595975800000076], [117.84264242800009, 4.59745865900004], [117.84041096100009, 4.600424369000052], [117.8415266940001, 4.61970118000005], [117.83817949400009, 4.621925394000073], [117.83297273900007, 4.622296095000024], [117.82327283100005, 4.625518874000022], [117.82376793800006, 4.626999355000066], [117.82376793800006, 4.63394992800005]]], [[[118.31195294100007, 4.775692529000025], [118.31139048200009, 4.773674706000065], [118.30576590100009, 4.769751145000043], [118.30329108500007, 4.769414839000035], [118.30329108500007, 4.773002097000074], [118.31195294100007, 4.775692529000025]]], [[[118.31161546600003, 4.787799340000049], [118.312290415, 4.790938108000034], [118.31364031500004, 4.784212159000049], [118.31161546600003, 4.783763760000056], [118.31026556600011, 4.782979061000049], [118.3088031750001, 4.786005752000051], [118.31161546600003, 4.787799340000049]]], [[[118.29136697100012, 4.787014646000046], [118.29001707200007, 4.783651660000032], [118.28866717200003, 4.783539560000065], [118.28844218900008, 4.785445254000024], [118.28517993100002, 4.785781553000049], [118.28832969700011, 4.787014646000046], [118.28832969700011, 4.790938108000034], [118.29384178700002, 4.791834896000069], [118.29361680400007, 4.788359835000051], [118.29136697100012, 4.787014646000046]]], [[[118.31499021500008, 4.79867286700005], [118.31049054900006, 4.795870428000057], [118.30261613500011, 4.798112381000067], [118.30992809100007, 4.798336575000064], [118.30902815800005, 4.800466422000056], [118.3108280240001, 4.802708359000064], [118.30891566600008, 4.805174482000041], [118.3108280240001, 4.808761552000021], [118.31015307400003, 4.810442985000066], [118.3200523380001, 4.807304307000038], [118.32320210400007, 4.80203577900005], [118.32680183600007, 4.799905937000062], [118.32736429500005, 4.798784965000038], [118.32466449500009, 4.797663991000036], [118.31499021500008, 4.79867286700005]]], [[[118.28877966400012, 4.812572795000051], [118.28191767400006, 4.817617053000049], [118.27685555000005, 4.81873799400006], [118.27426824300005, 4.821764526000038], [118.27505568400011, 4.82299755400004], [118.27831794100007, 4.822773367000025], [118.28270511500011, 4.819074276000038], [118.28619235600002, 4.818850088000033], [118.29136697100012, 4.814926786000058], [118.28877966400012, 4.812572795000051]]]]}}, {"type": "Feature", "id": "Lahad Datu", "properties": {"district": "Lahad Datu", "rep_lon": 118.4435783332591, "rep_lat": 5.123841126500054}, "geometry": {"type": "MultiPolygon", "coordinates": [[[[118.38479127500011, 4.76134343800004], [118.37986976600007, 4.764321180000024], [118.38426397, 4.770626942000035], [118.38162744700003, 4.775181067000062], [118.38268205600002, 4.777808433000075], [118.38567011600003, 4.776232015000062], [118.38795510200009, 4.76747406800007], [118.39111892900007, 4.764496340000051], [118.39164623400006, 4.759591820000026], [118.39094316100011, 4.757139547000065], [118.38918547900005, 4.756964384000071], [118.38707626100006, 4.756088570000031], [118.38479127500011, 4.76134343800004]]], [[[118.38654895600007, 4.802330033000032], [118.39270084300006, 4.801979731000074], [118.39727081500007, 4.799352457000055], [118.3992042650001, 4.80022821600005], [118.40430154300009, 4.79322211300007], [118.40711383400003, 4.791120268000043], [118.4129141840001, 4.790594806000058], [118.41748415600011, 4.784639539000068], [118.41625377900004, 4.782187355000076], [118.4139687930001, 4.781661886000052], [118.41308995200006, 4.78639109300002], [118.40518038400012, 4.787967489000039], [118.40658652900004, 4.789894189000051], [118.40553192000004, 4.791295422000076], [118.399555802, 4.788142643000072], [118.39270084300006, 4.789894189000051], [118.38813087000005, 4.787617179000051], [118.38004553400003, 4.780085476000068], [118.37881515700008, 4.780610946000024], [118.38250628800006, 4.784114072000023], [118.3812759110001, 4.786215938000055], [118.38443973800008, 4.789719035000076], [118.3823305200001, 4.790945114000067], [118.38145167900007, 4.794273033000024], [118.37899092500004, 4.79322211300007], [118.37916669300012, 4.789543880000053], [118.37424518400007, 4.787442024000029], [118.37371787900008, 4.783238292000021], [118.37248750200001, 4.786741404000054], [118.36967521100007, 4.787442024000029], [118.37248750200001, 4.790594806000058], [118.37371787900008, 4.79602456300006], [118.36932367500003, 4.797776088000035], [118.36774176100005, 4.800578519000055], [118.3598321930001, 4.803380939000021], [118.35842604800007, 4.807759697000051], [118.36071103400002, 4.807759697000051], [118.36158987500005, 4.805833047000021], [118.36721445700005, 4.802855486000055], [118.37424518400007, 4.802330033000032], [118.37881515700008, 4.806533647000037], [118.38654895600007, 4.802330033000032]]], [[[118.35020888500003, 4.979767607000042], [118.35185671200009, 4.984418810000022], [118.3570748300001, 4.986060403000067], [118.3598212070001, 4.977031590000024], [118.37794730100006, 4.979494006000039], [118.38344005700003, 4.981956412000045], [118.38591179700006, 4.980314809000049], [118.3850878830001, 4.975937180000074], [118.36806034100005, 4.970465103000038], [118.34224438900003, 4.957331932000045], [118.33070960300006, 4.95322776200004], [118.31423133600003, 4.949944408000022], [118.30516828900011, 4.952680537000049], [118.30626684000003, 4.961709684000027], [118.31395669800008, 4.969097076000025], [118.31505524900001, 4.974295561000076], [118.31835090200002, 4.973748354000065], [118.3191748160001, 4.964992980000034], [118.33208279100006, 4.965813801000024], [118.33400525600007, 4.968823470000075], [118.32686467400003, 4.972380335000025], [118.32329438200009, 4.980041208000046], [118.32411829600005, 4.984692409000047], [118.32768858700001, 4.989069980000068], [118.34389221600009, 4.991258754000057], [118.34663859400007, 4.990437965000069], [118.34471612900006, 4.986334002000035], [118.34554004300003, 4.975937180000074], [118.35020888500003, 4.979767607000042]]], [[[117.71219460200007, 4.774105095000039], [117.6947612680001, 4.770051418000037], [117.68546349000007, 4.765997717000062], [117.66977348900002, 4.753836471000056], [117.63490682200006, 4.754415583000025], [117.62270348800007, 4.739358517000028], [117.61456793200011, 4.740516764000063], [117.60585126500007, 4.744570615000043], [117.58318793100011, 4.760206674000074], [117.5326312630001, 4.783370553000054], [117.52100904100007, 4.786845067000058], [117.50938681800005, 4.786845067000058], [117.48788570600004, 4.782212377000064], [117.47916903900011, 4.782212377000064], [117.46812792800006, 4.793794042000059], [117.47805476700012, 4.813897607000058], [117.47805476700012, 4.82659209600007], [117.48140727900011, 4.841958791000025], [117.4901238110001, 4.850644159000069], [117.50889787800008, 4.854652754000028], [117.5229784280001, 4.862669870000047], [117.52700144300002, 4.876699595000048], [117.52700144300002, 4.890060965000032], [117.52163742300002, 4.90409011600002], [117.5142618970001, 4.918118973000048], [117.51292089200001, 4.940163722000023], [117.52364893100003, 4.947511808000058], [117.53638847600007, 4.950851821000072], [117.57863012700011, 4.96755163000006], [117.59136967300003, 4.976235364000047], [117.59807469700002, 4.984251017000076], [117.5994157020001, 4.991598612000075], [117.59069917000011, 4.999614077000047], [117.5994157020001, 5.004289720000031], [117.61349625200012, 5.008297387000027], [117.66311342900008, 5.028335353000045], [117.6792054870001, 5.040357837000045], [117.68322850100003, 5.049040604000027], [117.68993352500001, 5.075088206000032], [117.68926302300008, 5.088445543000034], [117.68658101300002, 5.100466910000023], [117.68993352500001, 5.119166365000069], [117.70401407600002, 5.128515888000038], [117.70803709000006, 5.150553507000041], [117.71608311900002, 5.167248165000046], [117.72547015300006, 5.175261444000057], [117.73888020100003, 5.179268046000061], [117.75161974600007, 5.185277900000074], [117.76502979400004, 5.196629692000045], [117.77374632500005, 5.206645809000065], [117.77709883700004, 5.220668105000073], [117.78380386100002, 5.22934841700004], [117.79587290400002, 5.232019258000037], [117.80593044000011, 5.22934841700004], [117.81934048800008, 5.224006701000064], [117.8300685270001, 5.216661767000062], [117.84213757000009, 5.213323132000028], [117.86761666100006, 5.21465858800002], [117.88303821600005, 5.220668105000073], [117.90717630300003, 5.211319943000035], [117.92058635100011, 5.200636158000066], [117.93399639900008, 5.193290951000051], [117.95344096800011, 5.189284438000072], [117.9809315660001, 5.185945659000026], [117.9983646290001, 5.185945659000026], [118.2015268560001, 5.221335826000029], [118.24510951100001, 5.227345279000076], [118.29740869900002, 5.246040986000025], [118.32691080400002, 5.264736133000042], [118.34903738300011, 5.285433675000036], [118.35909491900009, 5.29811892400005], [118.71244968300005, 5.293445442000063], [118.72384822400011, 5.288771924000059], [118.74195178900004, 5.314142024000034], [118.74932731500007, 5.321485806000055], [118.75200932500002, 5.340846264000049], [118.76407836800001, 5.349524892000034], [118.7654193730001, 5.368216902000029], [118.78352293800003, 5.381567988000029], [118.788216454, 5.386908340000048], [118.78687545000003, 5.40226159100007], [118.80699052200009, 5.418281959000069], [118.81436604800001, 5.430296957000053], [118.81168403800007, 5.441644235000069], [118.80766102400003, 5.450321421000069], [118.805649517, 5.462335778000067], [118.81101353600002, 5.476352225000028], [118.81101353600002, 5.491703194000024], [118.81503655000006, 5.506386359000032], [118.83045810600004, 5.499712238000029], [118.84923217300002, 5.481024301000048], [118.89616734100002, 5.46033340200006], [118.91896442200004, 5.444314151000071], [118.92902195800002, 5.424289488000056], [118.92969246100006, 5.418949465000026], [118.92566944600003, 5.413609395000037], [118.89884935000009, 5.400926541000047], [118.8867803070001, 5.392248645000052], [118.885439302, 5.382903080000062], [118.91024789100004, 5.370887143000061], [118.93237447000001, 5.375560035000035], [118.95114853700011, 5.390913573000034], [118.94377301100008, 5.417614452000066], [118.94377301100008, 5.430964450000033], [118.95047803500006, 5.431631942000024], [118.96724059500002, 5.420951979000051], [119.03563184000006, 5.400926541000047], [119.09128353900007, 5.405599202000076], [119.10268207900003, 5.418281959000069], [119.10536408900009, 5.429629463000026], [119.11475112300002, 5.434301903000062], [119.13553669700002, 5.435636879000072], [119.14291222300005, 5.44564910500003], [119.15162875400006, 5.447651531000076], [119.201245932, 5.431631942000024], [119.2200199990001, 5.419616971000039], [119.23410055000011, 5.406266722000055], [119.25555662600004, 5.36688177800005], [119.26293215300007, 5.339511079000033], [119.26092064500006, 5.300789470000041], [119.24684009500004, 5.264736133000042], [119.24885160200006, 5.248711755000045], [119.25756813300006, 5.248044064000055], [119.26829617200008, 5.238696310000023], [119.2669551670001, 5.20597807300004], [119.20929196100008, 5.13652965600005], [119.16503880200003, 5.107145349000064], [119.05105339500005, 5.063066366000044], [119.02289229400003, 5.055719577000048], [118.98132114500004, 5.049708505000069], [118.9075658810001, 5.03033911600005], [118.88812131200007, 5.016980581000041], [118.86666523500003, 4.996274312000025], [118.83515162200001, 4.991598612000075], [118.82174157400004, 4.986922879000076], [118.77815891800003, 4.968887597000048], [118.76340786600008, 4.956863801000054], [118.74865681300003, 4.949515818000066], [118.73323525800004, 4.948179812000035], [118.72250721900002, 4.950183820000063], [118.70239214700007, 4.946843804000025], [118.68495908500006, 4.940163722000023], [118.66752602300005, 4.936823655000069], [118.63467140500006, 4.942167753000035], [118.61857934800003, 4.946843804000025], [118.59108874900005, 4.950183820000063], [118.57767870100008, 4.956195806000039], [118.56292764800003, 4.959535775000063], [118.54415358100005, 4.954859814000031], [118.53007303100003, 4.938827697000022], [118.51867449000008, 4.929475450000041], [118.49922992100005, 4.926135330000022], [118.48246736100009, 4.926135330000022], [118.47173932200008, 4.930811493000022], [118.45162425, 4.956863801000054], [118.44693073300004, 4.973563458000058], [118.44894224100005, 4.986254914000028], [118.44357822100005, 5.00161792800003], [118.43352068600007, 5.008965329000034], [118.41944013500006, 5.016312647000063], [118.40334807800002, 5.020988170000066], [118.38792652200004, 5.018316447000075], [118.37116396200008, 5.01764851400003], [118.33965035000006, 5.02165610000003], [118.32422879500007, 5.018316447000075], [118.31886477500007, 5.01096915100004], [118.312830254, 4.996942266000076], [118.312830254, 4.986922879000076], [118.3054547270001, 4.96955557900003], [118.29472668900007, 4.964879689000043], [118.28399865100005, 4.96287572600005], [118.2638835790001, 4.965547676000028], [118.25382604300012, 4.96955557900003], [118.241757, 4.968887597000048], [118.23035845900006, 4.96287572600005], [118.21158439200008, 4.957531795000023], [118.203538363, 4.949515818000066], [118.19348082700003, 4.943503771000053], [118.18208228600008, 4.931479514000046], [118.18342329100005, 4.927471380000043], [118.19213982200006, 4.926803355000061], [118.1874463050001, 4.917450939000048], [118.18007077900006, 4.912106642000026], [118.16934274000005, 4.894069324000043], [118.15794420000009, 4.884048381000071], [118.15325068300001, 4.882044175000033], [118.13984063500004, 4.881376104000026], [118.12240757300003, 4.887388712000075], [118.12151818300003, 4.876703356000064], [118.11860048000005, 4.880256518000067], [118.11041843600003, 4.883962136000036], [118.04682163400003, 4.889149967000037], [118.00702714400006, 4.88285045300006], [118.00144847700005, 4.878403701000025], [117.99177878800003, 4.858763530000033], [117.98843158800003, 4.84134629600004], [117.97615852100012, 4.830969859000049], [117.9646292760001, 4.824669801000027], [117.95607532000008, 4.817257894000022], [117.95644723100008, 4.794280468000068], [117.95272812000007, 4.781308999000032], [117.92855389700003, 4.777291500000047], [117.9085599550001, 4.779189067000061], [117.9014192620001, 4.790337168000065], [117.88951810600008, 4.788914016000035], [117.87999718100002, 4.785593317000064], [117.87309451100009, 4.776342715000055], [117.85786103100008, 4.763059580000061], [117.83905720500002, 4.75926435100007], [117.81501687000002, 4.745269265000047], [117.79573699700006, 4.741711147000046], [117.78621607200012, 4.742185564000067], [117.77526700900012, 4.746218094000028], [117.75574911300009, 4.759027149000076], [117.7406690470001, 4.76426040900003], [117.72788460200002, 4.766576819000022], [117.71219460200007, 4.774105095000039]]], [[[118.944250409, 5.392225148000023], [118.936285913, 5.388670646000037], [118.93051851900009, 5.379921013000057], [118.9263989530001, 5.37746015700003], [118.90937141000006, 5.380194441000071], [118.89866053700007, 5.385936399000059], [118.8992098120001, 5.388944070000036], [118.91321633900009, 5.387850373000049], [118.91623735500002, 5.395232787000054], [118.91953300800003, 5.398240411000074], [118.92887069300002, 5.399334089000035], [118.93408881100004, 5.397420152000052], [118.93765910200011, 5.396599891000051], [118.94315185700009, 5.398787251000044], [118.944250409, 5.392225148000023]]], [[[119.14034178500003, 5.45046132300007], [119.13814468300006, 5.446633765000058], [119.11013162900008, 5.438705177000031], [119.1046388740001, 5.438705177000031], [119.10051930700001, 5.445813571000031], [119.10683597600007, 5.460303500000066], [119.11205409400009, 5.462764019000076], [119.11644829800002, 5.460303500000066], [119.13375047900001, 5.462764019000076], [119.13869395900008, 5.462764019000076], [119.14308816300002, 5.46085028300007], [119.14995410800009, 5.458389756000031], [119.14940483200007, 5.454288855000073], [119.14034178500003, 5.45046132300007]]]]}}, {"type": "Feature", "id": "Nabawan", "properties": {"district": "Nabawan", "rep_lon": 116.47613128473841, "rep_lat": 4.704031023000056}, "geometry": {"type": "Polygon", "coordinates": [[[115.88497023000002, 4.390413254000066], [115.90796077000005, 4.447674441000061], [115.92506868200007, 4.465842982000026], [115.9392013050001, 4.498841834000075], [115.94812717200011, 4.510335465000026], [115.98754975100007, 4.524424185000044], [115.9979632620001, 4.534805171000073], [116.00540148400012, 4.551488587000051], [116.00726104000012, 4.565576503000045], [116.00651721800011, 4.582259204000025], [116.01520482900003, 4.603975095000067], [116.02973260700003, 4.612120555000047], [116.06332809500009, 4.622075991000031], [116.07603990000007, 4.64017642500005], [116.079671845, 4.660991351000064], [116.086935734, 4.679995744000053], [116.086935734, 4.696284814000023], [116.09056767900006, 4.714383334000047], [116.101463512, 4.729766705000031], [116.10600344300008, 4.742435108000052], [116.10432984300007, 4.796133515000065], [116.09614779800006, 4.815404904000047], [116.08908148700004, 4.823928614000067], [116.08238708700003, 4.84060512800005], [116.07829606400003, 4.847275618000026], [116.07457695300002, 4.86098697500006], [116.09205677600005, 4.867333015000042], [116.1007734430001, 4.865595966000058], [116.12401788800003, 4.846488133000037], [116.13564011100004, 4.841855850000059], [116.150749, 4.844171995000067], [116.16992566700003, 4.856910655000036], [116.18271011200011, 4.880071236000049], [116.18271011200011, 4.90496797000003], [116.18619677900006, 4.933916493000027], [116.19898122400002, 4.947232390000067], [116.21699566900008, 4.976179067000032], [116.22455011300008, 5.002229988000067], [116.23733455800004, 5.017860043000042], [116.27626900400003, 5.016123389000029], [116.30764900500003, 5.020754457000066], [116.34425900600002, 5.037541802000021], [116.36343567300003, 5.086164765000035], [116.37505789500005, 5.090795332000027], [116.40760011900011, 5.089058873000056], [116.43316900800005, 5.091952969000033], [116.44944012000008, 5.099477556000068], [116.4564134530001, 5.120893206000062], [116.46454900900005, 5.13246893500002], [116.46890734300007, 5.133915886000068], [116.47675234300004, 5.136520390000044], [116.47965789900002, 5.116841652000062], [116.48546901000009, 5.109896070000048], [116.49941567700012, 5.107580859000052], [116.51452456600009, 5.100635177000072], [116.51684901100009, 5.092531787000041], [116.51394345500012, 5.086743588000047], [116.52440345500008, 5.074009367000031], [116.52614678900011, 5.063590273000045], [116.54299901200011, 5.053171010000028], [116.5459045670001, 5.028279872000041], [116.545323456, 5.010334508000028], [116.5505534560001, 5.006861154000035], [116.54997234500001, 4.992967557000043], [116.53544456700001, 4.981968250000023], [116.53253901100004, 4.976757988000031], [116.52556567800002, 4.97038983300007], [116.52498456700005, 4.954179708000026], [116.52789012200003, 4.94086395100004], [116.53137678900009, 4.937969186000032], [116.53544456700001, 4.920021359000032], [116.53544456700001, 4.910757775000036], [116.53021456700003, 4.893967202000056], [116.53660678900007, 4.881229245000043], [116.53718790000005, 4.863279894000073], [116.5459045670001, 4.844171995000067], [116.55229679000001, 4.815219605000038], [116.56973012300011, 4.807112715000073], [116.57379790100003, 4.799584801000037], [116.57147345700002, 4.784528726000076], [116.57554123500006, 4.774105095000039], [116.5772845680001, 4.749782674000073], [116.60227234700005, 4.738779392000026], [116.62435456900005, 4.737042016000032], [116.63481457000012, 4.740516764000063], [116.64062568100007, 4.749203559000023], [116.64353123700005, 4.767735021000021], [116.64934234800012, 4.769472319000045], [116.65282901500007, 4.781633289000069], [116.67026234900004, 4.786265982000032], [116.69234457200002, 4.804796443000043], [116.70164235000004, 4.804796443000043], [116.70571012700009, 4.801901091000047], [116.72546790600006, 4.802480163000041], [116.7341845730001, 4.801322020000043], [116.76033457400001, 4.788582317000021], [116.77253790700001, 4.81348242200005], [116.79462013000011, 4.790319564000072], [116.7998501300001, 4.76715592000005], [116.80740457500008, 4.759048460000031], [116.8143779080001, 4.754994694000061], [116.82077013100002, 4.747466209000038], [116.82425679800008, 4.737042016000032], [116.83646013100008, 4.721984572000054], [116.85098791000007, 4.71850973100004], [116.85738013200012, 4.715614016000075], [116.8626101320001, 4.708664253000052], [116.8649345770001, 4.69939779300006], [116.87248902100009, 4.692447867000055], [116.87248902100009, 4.680864504000056], [116.8649345770001, 4.676810282000076], [116.86784013200008, 4.660013968000044], [116.86377235400005, 4.653063652000071], [116.84169013100006, 4.639162813000041], [116.82774346400004, 4.62584092000003], [116.8213512420001, 4.615414915000031], [116.83006790900004, 4.607884928000033], [116.85505568700012, 4.610781086000031], [116.87016457700008, 4.598617141000034], [116.89457124400008, 4.57255084600007], [116.91200457800005, 4.556331339000053], [116.94861457900004, 4.554014237000047], [116.96837235700002, 4.550538569000025], [116.97592680200012, 4.550538569000025], [116.98987346900003, 4.538952890000076], [116.99742791400001, 4.52852561900005], [117.03287569300005, 4.500718831000029], [117.04798458200003, 4.493187642000066], [117.06251236000003, 4.499560191000057], [117.06251236000003, 4.492028991000041], [117.05960680500004, 4.484497713000053], [117.04043013700004, 4.463062112000046], [117.03403791500011, 4.453213113000061], [117.03055124800005, 4.443363981000061], [117.03113235900003, 4.435832204000064], [117.03694347100009, 4.424824083000033], [117.04275458200004, 4.409180683000045], [117.04333569300002, 4.39991036400005], [117.03810569300003, 4.391219336000063], [117.02125347000003, 4.381948794000039], [117.00905013600004, 4.379631141000061], [116.98406235800007, 4.379631141000061], [116.96779124600005, 4.374995812000066], [116.95791235700005, 4.366883918000042], [116.95326346800005, 4.358771937000029], [116.94803346800006, 4.354136479000033], [116.946798607, 4.354136479000033], [116.94280346800008, 4.354136479000033], [116.92595124500008, 4.351818740000056], [116.91955902300003, 4.357613075000074], [116.90503124400004, 4.362827939000056], [116.8893412440001, 4.349500994000039], [116.8794623550001, 4.343127154000058], [116.85796124300009, 4.334435468000038], [116.84924457600005, 4.33327656900002], [116.84285235400012, 4.326902592000067], [116.83529790900002, 4.324584769000069], [116.8213512420001, 4.331538217000059], [116.80856679700003, 4.344286038000064], [116.7899712410001, 4.339071046000072], [116.78067346300008, 4.349500994000039], [116.76149679600007, 4.379051726000057], [116.75219901800006, 4.384266440000033], [116.74464457300007, 4.381948794000039], [116.74115790600001, 4.369781033000038], [116.73650901700012, 4.359930797000061], [116.71617012800004, 4.337332708000076], [116.68420901600007, 4.33559436500002], [116.6644512370001, 4.344865479000021], [116.64759901500008, 4.336173813000073], [116.63190901400003, 4.332117668000024], [116.62377345800007, 4.33327656900002], [116.61854345800009, 4.339650491000043], [116.61505679100003, 4.34892155600005], [116.61389456900008, 4.362248511000075], [116.60750234700004, 4.37151929700002], [116.60169123500009, 4.369781033000038], [116.58832568000003, 4.373836976000064], [116.58251456800008, 4.381948794000039], [116.5772845680001, 4.394695760000047], [116.57263567900009, 4.401648558000034], [116.56624345700004, 4.402807351000035], [116.56333790100007, 4.391798741000059], [116.55868901200006, 4.386584079000045], [116.55113456700008, 4.384845851000023], [116.53253901100004, 4.366883918000042], [116.52963345600006, 4.358192506000023], [116.53893123400007, 4.337332708000076], [116.53951234500005, 4.330379313000037], [116.53776901100002, 4.325164225000037], [116.53079567800012, 4.321687480000037], [116.51103789900003, 4.32052856200005], [116.49883456600003, 4.33327656900002], [116.49186123200002, 4.33559436500002], [116.48430678800003, 4.313575013000047], [116.4779145650001, 4.305462459000069], [116.46222456500004, 4.295031906000077], [116.44304789700004, 4.28865760900004], [116.43723678600008, 4.290396059000045], [116.43084456400004, 4.326323137000031], [116.42212789700011, 4.332117668000024], [116.41341123000007, 4.332697118000056], [116.40876234100006, 4.349500994000039], [116.40120789600007, 4.354715913000064], [116.39074789600011, 4.357613075000074], [116.3837745620001, 4.361669083000038], [116.37680122900008, 4.370939876000023], [116.36634122900011, 4.379051726000057], [116.3570434500001, 4.383107618000054], [116.34658345000003, 4.384266440000033], [116.33263678300011, 4.379631141000061], [116.31752789400002, 4.370939876000023], [116.30939233800007, 4.368622189000064], [116.29777011500005, 4.370360455000025], [116.28440455900011, 4.36804276600003], [116.27743122600009, 4.362248511000075], [116.26406567000004, 4.362827939000056], [116.25186233600004, 4.373836976000064], [116.22106344600002, 4.379051726000057], [116.21350900200002, 4.374995812000066], [116.20363011300003, 4.374416394000036], [116.1949134460001, 4.377892896000048], [116.185034556, 4.384845851000023], [116.17515566700001, 4.386584079000045], [116.16585788900011, 4.380789968000045], [116.16295233400001, 4.356454212000074], [116.15772233300004, 4.346024360000058], [116.15016788900004, 4.340809381000042], [116.13796455500005, 4.336753260000023], [116.11355788800006, 4.33327656900002], [116.10949011000002, 4.323425855000039], [116.09728677600003, 4.302565098000059], [116.0908945540001, 4.282862747000024], [116.0839212200001, 4.27243188500006], [116.07520455300005, 4.270693394000034], [116.06648788600012, 4.27185238800007], [116.06125788600002, 4.281703769000046], [116.04208121900001, 4.28865760900004], [116.03627010800005, 4.299088249000022], [116.03510788500012, 4.324584769000069], [116.03104010700008, 4.331538217000059], [116.0159312180001, 4.33559436500002], [116.00779566200004, 4.342547711000066], [115.98861899500002, 4.353557045000059], [115.97525343900008, 4.355295346000048], [115.94038677100002, 4.352977611000028], [115.93167010500008, 4.354136479000033], [115.91656121500012, 4.383107618000054], [115.91249343700008, 4.388322304000042], [115.9072634370001, 4.391798741000059], [115.88564610300011, 4.390199582000037], [115.88497023000002, 4.390413254000066]]]}}, {"type": "Feature", "id": "Papar", "properties": {"district": "Papar", "rep_lon": 115.99870345383147, "rep_lat": 5.608119413000054}, "geometry": {"type": "Polygon", "coordinates": [[[115.98420255100007, 5.394764011000063], [115.98308681700007, 5.390320830000064], [115.98494637300007, 5.382174913000028], [115.98011152800007, 5.366623314000037], [115.97786852000002, 5.363984099000049], [115.95928450500003, 5.375880266000024], [115.95668112700002, 5.384396537000043], [115.95221819400001, 5.384766807000062], [115.94403614900011, 5.390691096000069], [115.92692823800007, 5.397726114000022], [115.92544059300008, 5.405131308000023], [115.91651472600006, 5.405871823000041], [115.90833268200004, 5.402909760000057], [115.88973712500001, 5.400317942000072], [115.889365214, 5.419571176000034], [115.8796955250001, 5.416238929000031], [115.87597641400009, 5.418830678000063], [115.8767202360001, 5.432159496000054], [115.86481908000007, 5.461778036000055], [115.83729765700002, 5.502501137000024], [115.83395045700001, 5.505832903000055], [115.82762796800012, 5.506943488000047], [115.81461107900009, 5.518049222000059], [115.80346426400001, 5.539869302000056], [115.8236197540001, 5.544569104000061], [115.8599392000001, 5.567162121000024], [115.87355899200008, 5.581621196000071], [115.88354683900002, 5.60602007600005], [115.88354683900002, 5.623189047000039], [115.88627079800006, 5.636743141000068], [115.89262670100004, 5.653007635000051], [115.89807461700002, 5.681017636000036], [115.8962586450001, 5.70812279200004], [115.89716663100012, 5.737936983000054], [115.90261454800009, 5.747874701000057], [115.90897045100007, 5.756005431000062], [115.93348607700011, 5.761425854000038], [115.97192948300005, 5.781933374000062], [115.97378903900005, 5.787113617000045], [115.97899579500006, 5.785633552000036], [115.98903739500008, 5.791923799000074], [116.00168237300011, 5.80450408400003], [116.00540148400012, 5.816714092000041], [116.011723974, 5.824483959000077], [116.01618690700002, 5.827443880000033], [116.02883188500005, 5.830773772000043], [116.03627010800005, 5.844833101000063], [116.04482406300008, 5.849642790000075], [116.07420504200002, 5.845573055000045], [116.07786915300005, 5.844401428000026], [116.08461855300004, 5.84224325100007], [116.09875117600006, 5.837063515000068], [116.11548717700009, 5.833733660000064], [116.13854566600003, 5.814494110000055], [116.16346371100008, 5.803024065000045], [116.191728957, 5.774902969000038], [116.20809304600004, 5.756031450000023], [116.2356144690001, 5.751220962000048], [116.27206175900005, 5.751220962000048], [116.29251687100009, 5.747150518000069], [116.28768202600008, 5.737529352000024], [116.28693820400008, 5.731238502000053], [116.28359100400007, 5.724577526000076], [116.27317749200006, 5.72050689200006], [116.26983029200005, 5.716436229000067], [116.26573927000004, 5.71421585500002], [116.26127633700003, 5.705334272000073], [116.25532575900002, 5.704224065000062], [116.24900326900001, 5.685350210000024], [116.245656069, 5.682759632000057], [116.2363582910001, 5.680539128000021], [116.22148184600007, 5.669436478000023], [116.21181215700005, 5.674617742000066], [116.19321660100002, 5.694602177000036], [116.18875366800012, 5.693862025000044], [116.18540646800011, 5.688310856000044], [116.18652220100012, 5.667956109000045], [116.18577837900011, 5.66314488200004], [116.18205926700011, 5.65833361500006], [116.18131544500011, 5.654632613000047], [116.1794558900001, 5.643159357000059], [116.1801997120001, 5.62909505600004], [116.16978620000009, 5.626874346000022], [116.16532326700008, 5.623913386000027], [116.15490975600005, 5.623543265000023], [116.127016421, 5.611699266000073], [116.1143714430001, 5.610218750000058], [116.11139615400009, 5.598004343000071], [116.10209837600007, 5.592082115000039], [116.10209837600007, 5.583938953000029], [116.09986690900007, 5.578016582000032], [116.08908148700004, 5.57875688200005], [116.07420504200002, 5.560249111000076], [116.07420504200002, 5.55025467300004], [116.07122975300001, 5.539519718000065], [116.06304770800011, 5.529895109000051], [116.0608162420001, 5.521380902000033], [116.06639490900011, 5.512866572000064], [116.07420504200002, 5.506943488000047], [116.07494886400002, 5.50027994800007], [116.06676682000011, 5.488433471000064], [116.06230388600011, 5.485101606000057], [116.0634196200001, 5.475476116000038], [116.0615600640001, 5.468071788000032], [116.0589566860001, 5.464739810000026], [116.04445215200008, 5.458816248000062], [116.02957570700005, 5.454743765000046], [116.02660041800004, 5.451411713000027], [116.02288130700003, 5.441785682000045], [116.01916219600002, 5.438083321000022], [116.0027981070001, 5.441785682000045], [115.9972194400001, 5.441415447000054], [115.99201268400009, 5.438823795000076], [115.98271490600007, 5.41401742100004], [115.98234299500007, 5.405501565000066], [115.98420255100007, 5.394764011000063]]]}}, {"type": "Feature", "id": "Penampang", "properties": {"district": "Penampang", "rep_lon": 116.19767235810828, "rep_lat": 5.858522107000056}, "geometry": {"type": "Polygon", "coordinates": [[[116.29251687100009, 5.747150518000069], [116.27206175900005, 5.751220962000048], [116.2356144690001, 5.751220962000048], [116.20809304600004, 5.756031450000023], [116.191728957, 5.774902969000038], [116.16346371100008, 5.803024065000045], [116.13854566600003, 5.814494110000055], [116.11548717700009, 5.833733660000064], [116.09875117600006, 5.837063515000068], [116.08461855300004, 5.84224325100007], [116.07786915300005, 5.844401428000026], [116.08887321700001, 5.863672047000023], [116.08887321700001, 5.872195980000072], [116.09577588700006, 5.883087482000064], [116.0803043840001, 5.888296386000036], [116.07673403800004, 5.897056706000058], [116.08078043100011, 5.900134623000042], [116.08054240800004, 5.90510660700005], [116.07459183000003, 5.905816887000071], [116.07149752900011, 5.909605031000069], [116.06626102100006, 5.909605031000069], [116.06197660400005, 5.912919635000037], [116.06292869700007, 5.921442812000066], [116.06649904400001, 5.922153071000025], [116.06697509000003, 5.924994097000024], [116.07006939000007, 5.932096598000044], [116.07530589900011, 5.936358055000028], [116.08125647700001, 5.938015280000059], [116.07411578300002, 5.939909244000035], [116.0748298530001, 5.942039947000069], [116.08316066200007, 5.939909244000035], [116.09315763300003, 5.959322005000047], [116.09696600300003, 5.958138320000046], [116.09839414100009, 5.960742424000046], [116.10577285800002, 5.955297465000058], [116.13695388700012, 5.96855466300002], [116.15980410600002, 5.969264861000056], [116.18908094900007, 5.949378969000065], [116.19861020600001, 5.947830285000066], [116.21106833500005, 5.930291388000057], [116.22929198000008, 5.912904837000042], [116.23747402400011, 5.898107343000049], [116.2423088700001, 5.88589911300005], [116.248259447, 5.876650275000031], [116.25978869200003, 5.867031320000024], [116.28656629300008, 5.860371947000033], [116.28816129200004, 5.860616049000043], [116.2977236260001, 5.85963201200002], [116.30367420400012, 5.860741914000073], [116.310368605, 5.858152138000037], [116.32115402700003, 5.858892076000075], [116.32375740500004, 5.85075271200003], [116.34384060600007, 5.838173463000032], [116.34309678300008, 5.833733660000064], [116.33863385000006, 5.831143759000042], [116.34086531700007, 5.827813869000067], [116.34049340600006, 5.827813869000067], [116.34049340600006, 5.815234105000059], [116.33789002800006, 5.813754114000062], [116.33305518300006, 5.800064016000022], [116.33379900500006, 5.79525390200007], [116.33193945000005, 5.771202720000076], [116.32487313800004, 5.761951994000071], [116.31520344900002, 5.759731797000029], [116.30739331600012, 5.752701116000026], [116.29251687100009, 5.747150518000069]]]}}, {"type": "Feature", "id": "Pitas", "properties": {"district": "Pitas", "rep_lon": 117.12840622390476, "rep_lat": 6.730685660000034}, "geometry": {"type": "MultiPolygon", "coordinates": [[[[117.0776212500001, 6.450032244000056], [117.0729723610001, 6.455806540000026], [117.055539027, 6.468509757000049], [117.03373573700003, 6.487471602000028], [117.021834581, 6.492275465000034], [116.99468506900007, 6.495601188000023], [116.97794906900003, 6.501513532000047], [116.97274231300003, 6.511120942000048], [116.96641982400001, 6.557307843000046], [116.94261751200008, 6.579476037000063], [116.93852649000007, 6.586495760000048], [116.93292457900009, 6.602451403000032], [116.92130235600007, 6.62323222200007], [116.91258568900003, 6.629581743000074], [116.89108457700002, 6.635931181000046], [116.8957100240001, 6.64715035200004], [116.90214684700004, 6.650986469000031], [116.90772542700006, 6.656953703000056], [116.90944191300002, 6.661215969000068], [116.929610625, 6.664199533000044], [116.93518920500003, 6.668035517000021], [116.93647657000008, 6.67357632900007], [116.94420075800008, 6.679543288000048], [116.94806285100003, 6.684657767000033], [116.95879089000005, 6.685510175000047], [116.96136561900005, 6.690624591000073], [116.96608595600003, 6.694034172000045], [116.97509750800009, 6.697017535000043], [116.97853048000002, 6.700000881000051], [116.97981784500007, 6.710655537000036], [116.98539642500009, 6.71790057000004], [116.9755266300001, 6.730259496000031], [116.97423926500005, 6.737504237000053], [116.98539642500009, 6.755402544000049], [116.99526622000008, 6.765203718000066], [116.99483709900005, 6.773726316000023], [117.01157283900011, 6.78523158400003], [117.021871755, 6.80568471600003], [117.02358824200007, 6.812502233000032], [117.0265920920001, 6.815484866000077], [117.02358824200007, 6.82102399300004], [117.02959594300012, 6.83124990500005], [117.03560364500004, 6.836788849000072], [117.04418607500008, 6.835510637000027], [117.0497646550001, 6.839345263000041], [117.05791796400001, 6.839771331000065], [117.0574888430001, 6.844031987000051], [117.05019377700012, 6.844031987000051], [117.055343235, 6.857239779000054], [117.05791796400001, 6.868743042000062], [117.055343235, 6.874707587000046], [117.04590256100005, 6.886210427000037], [117.042469589, 6.888766576000023], [117.0368910090001, 6.890044645000046], [117.03259979400002, 6.893452813000067], [117.032170672, 6.90410317900006], [117.03517452300002, 6.908363259000055], [117.0343162800001, 6.912623300000064], [117.03603276600006, 6.92199525500007], [117.03474540200011, 6.927959129000044], [117.02616297100008, 6.933070962000045], [117.03088330800006, 6.940312629000061], [117.0317415510001, 6.950535971000022], [117.03903661700008, 6.953091771000061], [117.05019377700012, 6.947128215000021], [117.05148114100007, 6.943720434000056], [117.05105202000004, 6.935200876000067], [117.0549141140001, 6.933070962000045], [117.065642152, 6.933922928000072], [117.0703624890001, 6.936478819000058], [117.07250809700008, 6.939886652000041], [117.08623998600001, 6.946702244000051], [117.07851579800001, 6.950535971000022], [117.06993336700009, 6.949684034000029], [117.06178005800007, 6.953943702000061], [117.05963445100008, 6.957777369000041], [117.0600635720001, 6.960759089000021], [117.05620147800005, 6.962462921000053], [117.05834708600003, 6.975667405000024], [117.0703624890001, 6.97737118200007], [117.07122073200003, 6.985038103000022], [117.08452350000005, 6.989297450000038], [117.08709822900005, 6.993130828000062], [117.09525153800007, 6.993556757000022], [117.09868451000011, 6.996112323000034], [117.1059795760001, 6.997390101000065], [117.11284552100005, 6.993130828000062], [117.11584937200007, 6.992704899000046], [117.12099883000008, 6.987167781000039], [117.12571916700006, 6.988019650000069], [117.12829389600006, 6.991853039000034], [117.13043950400004, 6.989723382000022], [117.13001038200002, 6.983760292000056], [117.13344335500005, 6.985464040000068], [117.13258511200002, 6.988019650000069], [117.13430159800009, 6.991001177000044], [117.12829389600006, 6.996964175000073], [117.12743565300002, 7.003353017000052], [117.1291521390001, 7.008464027000059], [117.13644720500008, 7.013149071000043], [117.15275382400011, 7.013149071000043], [117.15876152500005, 7.007612196000025], [117.16476922700008, 6.995686396000053], [117.16734395600008, 6.993130828000062], [117.1703478070001, 6.991427108000039], [117.18193408800005, 6.990149314000064], [117.18064672300011, 6.986741847000076], [117.18493793900006, 6.981630598000038], [117.19051651900008, 6.970981985000037], [117.19180388300003, 6.964166746000046], [117.19523685600007, 6.958629291000022], [117.22184239100011, 6.944146408000051], [117.23214130800011, 6.947554186000048], [117.24029461700002, 6.942868486000066], [117.25102265500004, 6.943720434000056], [117.25316826300002, 6.940312629000061], [117.24887704800005, 6.927533141000026], [117.2523100200001, 6.922421248000035], [117.25831772100003, 6.90751124600007], [117.25960508600008, 6.894304851000072], [117.25531387100011, 6.886636453000051], [117.25145177700006, 6.88535837400002], [117.24415671100007, 6.875559659000032], [117.24501495400011, 6.870873245000041], [117.2523100200001, 6.872151362000068], [117.252739141, 6.865334697000037], [117.24844792600004, 6.859796084000038], [117.2471605610001, 6.854683461000036], [117.24029461700002, 6.854683461000036], [117.23385779400007, 6.850848958000029], [117.23128306500007, 6.844031987000051], [117.2342869150001, 6.832102054000075], [117.23214130800011, 6.828693447000035], [117.21840941900007, 6.820171824000056], [117.21798029700005, 6.816763132000062], [117.22398799900009, 6.813354416000038], [117.22484624200001, 6.809519581000075], [117.22870833500008, 6.80398032100004], [117.2317121860001, 6.802275921000046], [117.23471603700011, 6.805258618000039], [117.23771988800002, 6.796310472000073], [117.24630231800006, 6.786509930000022], [117.24244022500011, 6.783101], [117.24158198100008, 6.775430817000029], [117.2445858320001, 6.766908249000039], [117.25188089800008, 6.756254828000067], [117.26175069400006, 6.749010367000039], [117.2651836660001, 6.743044260000033], [117.28191940600004, 6.737078078000025], [117.28106116300012, 6.731111824000038], [117.28706886400005, 6.722588476000055], [117.28449413500005, 6.716622043000029], [117.27934467700004, 6.711507900000072], [117.26861663800003, 6.705541331000063], [117.26732927400008, 6.698722306000036], [117.27119136700003, 6.674428757000044], [117.2832067700001, 6.664199533000044], [117.28492325700006, 6.659937293000041], [117.28449413500005, 6.656953703000056], [117.2806320410001, 6.654822556000056], [117.28020292000008, 6.651412703000062], [117.28234852700007, 6.644592924000051], [117.28749798600006, 6.640330514000027], [117.286210621, 6.633936830000039], [117.29136008000012, 6.627116809000029], [117.283635892, 6.625411789000054], [117.28792710700009, 6.621575473000064], [117.28406501300003, 6.619444173000034], [117.283635892, 6.616886601000033], [117.28706886400005, 6.613050218000069], [117.2780573120001, 6.603672269000072], [117.27247873200008, 6.593867858000067], [117.27247873200008, 6.584063254000057], [117.27076224600012, 6.578947732000074], [117.26604190900002, 6.575537354000062], [117.26046332900012, 6.575963653000031], [117.25703035700008, 6.578521436000074], [117.2471605610001, 6.576389951000067], [117.24158198100008, 6.581505500000048], [117.23514515800002, 6.580226617000051], [117.23128306500007, 6.575537354000062], [117.22098414800007, 6.570421744000043], [117.21712205400001, 6.561469299000066], [117.2111143520001, 6.558058802000062], [117.19979627200007, 6.557898934000036], [117.18705672600004, 6.555234466000059], [117.17498768300004, 6.557898934000036], [117.167612157, 6.557232818000045], [117.15956612800005, 6.554568347000043], [117.13811005100001, 6.551237737000065], [117.13207553000007, 6.529255156000033], [117.1012324190001, 6.52792284700007], [117.1012324190001, 6.512601042000028], [117.09855041000003, 6.504606871000021], [117.11799497900006, 6.491949174000069], [117.12470000300004, 6.484620888000052], [117.13341653500004, 6.47129645900003], [117.10525543400001, 6.469297764000032], [117.10257342400007, 6.463967873000058], [117.09050438100007, 6.457971678000035], [117.07782633900001, 6.448401915000034], [117.0776212500001, 6.450032244000056]]], [[[117.26139355500004, 6.816827406000073], [117.25981867200005, 6.821183546000043], [117.25621893900006, 6.823417448000043], [117.26555574500003, 6.827661834000025], [117.28254198200011, 6.839389547000053], [117.28782908900007, 6.841176602000075], [117.2887290220001, 6.839166165000051], [117.2851292900001, 6.831459411000026], [117.2759049760001, 6.824087617000032], [117.2672431200001, 6.82129524100003], [117.26353089600002, 6.816157227000076], [117.26139355500004, 6.816827406000073]]]]}}, {"type": "Feature", "id": "Putatan", "properties": {"district": "Putatan", "rep_lon": 116.06524942225005, "rep_lat": 5.88569193400005}, "geometry": {"type": "Polygon", "coordinates": [[[116.07786915300005, 5.844401428000026], [116.07420504200002, 5.845573055000045], [116.04482406300008, 5.849642790000075], [116.043241211, 5.848855484000069], [116.04174463900006, 5.864855934000047], [116.0469811480001, 5.872669528000074], [116.0469811480001, 5.880719783000075], [116.04245870900002, 5.880956553000033], [116.04245870900002, 5.888296386000036], [116.03841231600006, 5.893268477000049], [116.03246173800005, 5.895162595000045], [116.03246173800005, 5.898240522000037], [116.03317580700002, 5.900844909000057], [116.03579406100005, 5.901318433000029], [116.04055452400007, 5.909841789000041], [116.04483894000009, 5.914103417000035], [116.04849497500004, 5.916499385000066], [116.058882304, 5.916234219000046], [116.06150055800003, 5.928071859000056], [116.06388078900011, 5.927598358000068], [116.06340474300009, 5.925467600000047], [116.06697509000003, 5.924994097000024], [116.06649904400001, 5.922153071000025], [116.06292869700007, 5.921442812000066], [116.06197660400005, 5.912919635000037], [116.06626102100006, 5.909605031000069], [116.07149752900011, 5.909605031000069], [116.07459183000003, 5.905816887000071], [116.08054240800004, 5.90510660700005], [116.08078043100011, 5.900134623000042], [116.07673403800004, 5.897056706000058], [116.0803043840001, 5.888296386000036], [116.09577588700006, 5.883087482000064], [116.08887321700001, 5.872195980000072], [116.08887321700001, 5.863672047000023], [116.07786915300005, 5.844401428000026]]]}}, {"type": "Feature", "id": "Ranau", "properties": {"district": "Ranau", "rep_lon": 116.70467226683061, "rep_lat": 5.887667929000031}, "geometry": {"type": "Polygon", "coordinates": [[[116.65897291100009, 5.539915645000065], [116.65884932600011, 5.54026006600003], [116.6525268370001, 5.541370586000028], [116.64732008100009, 5.539519718000065], [116.64099759200008, 5.542110932000071], [116.63802230300007, 5.547293326000045], [116.63727848100007, 5.555436996000026], [116.63244363600006, 5.559508788000073], [116.61421999100003, 5.555807160000029], [116.59897163500011, 5.549144170000034], [116.59116150200009, 5.55025467300004], [116.58223563500007, 5.555807160000029], [116.57442550100006, 5.555066831000033], [116.56735919000005, 5.556547487000046], [116.55768950100003, 5.566171661000055], [116.55137452100007, 5.565954930000032], [116.56661536800004, 5.579497180000033], [116.57107830100006, 5.584309099000052], [116.56959065700005, 5.591711973000031], [116.56066479000003, 5.60503691100007], [116.56326816800004, 5.615770668000039], [116.57851652400007, 5.628724939000051], [116.5930210570001, 5.657963516000052], [116.5945087020001, 5.672027116000038], [116.59153341300009, 5.674617742000066], [116.58893003500009, 5.679798958000049], [116.5930210570001, 5.685720291000052], [116.5971120800001, 5.687940776000062], [116.60008736900011, 5.694232101000068], [116.5967401690001, 5.701633573000038], [116.5963682580001, 5.707184613000038], [116.60157501300012, 5.717546413000036], [116.59859972400011, 5.735679109000046], [116.57219403500005, 5.751961040000026], [116.57182212300006, 5.769722614000045], [116.57442550100006, 5.773422872000026], [116.56252434500004, 5.789703720000034], [116.55173892300002, 5.797843968000052], [116.55173892300002, 5.807094108000058], [116.55768950100003, 5.819304059000046], [116.55285465600002, 5.825593931000071], [116.546160256, 5.851122686000053], [116.547647901, 5.854822409000064], [116.55620185600003, 5.857412200000056], [116.55843332300003, 5.860371947000033], [116.56066479000003, 5.875540404000049], [116.55917714500004, 5.878500055000075], [116.547647901, 5.883679406000056], [116.54281305600011, 5.884049358000027], [116.5331433670001, 5.890338500000041], [116.51863883300007, 5.891078395000022], [116.51417590000005, 5.894777852000061], [116.51194443300005, 5.898847227000033], [116.49781181000003, 5.911055172000033], [116.4781005210001, 5.924002699000027], [116.46694318700008, 5.921783145000063], [116.45541394200006, 5.923632774000055], [116.44723189800004, 5.915864289000069], [116.44314087500004, 5.914014634000068], [116.425661052, 5.91253490500003], [116.42119811900011, 5.910685239000031], [116.41978422800003, 5.909662420000075], [116.4250334520001, 5.922569238000051], [116.4488590090001, 5.956670732000021], [116.46745456500003, 5.969386002000022], [116.47733345400002, 5.980367134000062], [116.48314456500009, 5.991348045000052], [116.49999678800009, 6.012731292000069], [116.49883456600003, 6.019088311000075], [116.5368624780001, 6.067144966000058], [116.55173892300002, 6.098579422000057], [116.56735919000005, 6.156266096000024], [116.58074799000008, 6.174014584000076], [116.60306265800011, 6.191392735000022], [116.62723688100004, 6.202854608000052], [116.63727848100007, 6.210988689000033], [116.64620434800008, 6.226147322000031], [116.66038345900006, 6.208030855000061], [116.66851901500002, 6.20918626100007], [116.6813034600001, 6.21900710500006], [116.68653346000008, 6.224783987000023], [116.69350679400009, 6.227094722000061], [116.7028045720001, 6.22825008500007], [116.72779235000007, 6.227672404000032], [116.73360346200002, 6.239225913000041], [116.7585912400001, 6.236915232000058], [116.77951124100002, 6.230560805000039], [116.79462013000011, 6.224206302000027], [116.801593464, 6.224206302000027], [116.79752568600009, 6.236337560000038], [116.8044990190001, 6.239225913000041], [116.83704124200005, 6.240381250000041], [116.84110902000009, 6.245002572000033], [116.84285235400012, 6.253667441000061], [116.85273124300011, 6.259443941000029], [116.86202902100001, 6.26002158700004], [116.86784013200008, 6.264065094000046], [116.86842124300006, 6.275617799000031], [116.88062457700005, 6.279661186000055], [116.90619426, 6.292898654000055], [116.9085179110001, 6.294101595000029], [116.9422223570001, 6.265220376000059], [116.95093902400004, 6.266953295000064], [116.96023680200005, 6.265798016000076], [116.96721013500007, 6.26059923300005], [116.97534569100003, 6.265798016000076], [116.9834812470001, 6.265220376000059], [116.9834812470001, 6.250201511000057], [116.99161680300006, 6.254822746000059], [116.99626569200007, 6.254822746000059], [117.00614458100006, 6.24384724500004], [117.03113235900003, 6.208608559000027], [117.03461902600009, 6.201676080000027], [117.04972791500006, 6.196476661000077], [117.0607690270001, 6.188966299000072], [117.06832347200009, 6.186655397000038], [117.07471569400002, 6.188966299000072], [117.08285125000009, 6.196476661000077], [117.08982458300011, 6.195898945000067], [117.09156791700002, 6.185499942000035], [117.1043523620001, 6.15199065500002], [117.11190680600009, 6.136968564000028], [117.1287590290001, 6.117901454000048], [117.128177918, 6.111545600000056], [117.12120458400011, 6.109234361000063], [117.11365014000012, 6.104034038000066], [117.10900125100011, 6.093055412000069], [117.09156791700002, 6.072253190000026], [117.09156791700002, 6.047405038000022], [117.08924347200002, 6.04220411700004], [117.08110791600006, 6.038736809000056], [117.05786347100002, 6.035847369000066], [117.03984902600007, 6.041626234000034], [117.02648347000002, 6.040470466000045], [117.02997013700008, 6.017932495000025], [117.02997013700008, 6.008107958000039], [117.02648347000002, 5.999439102000053], [117.02009124800009, 5.992503918000068], [117.01195569200002, 5.987302472000067], [116.99568458100009, 5.954358833000072], [116.98696791400005, 5.946267110000065], [116.97476458000006, 5.941643215000056], [116.96256124600006, 5.939331253000034], [116.94687124600011, 5.938753261000045], [116.93641124500004, 5.930083308000064], [116.9230456890001, 5.926037283000028], [116.91432902300005, 5.92661528800005], [116.89573346600002, 5.90176051100002], [116.88353013300002, 5.895980171000076], [116.86842124300006, 5.884997358000021], [116.86435346600001, 5.864765293000062], [116.886435688, 5.84973528300003], [116.90212568900006, 5.847422938000022], [116.92653235600005, 5.828345728000045], [116.94745235700009, 5.82025217000006], [116.96023680200005, 5.809845995000046], [116.98231902500004, 5.803486572000054], [116.98987346900003, 5.795970797000052], [116.99452235800004, 5.776313682000023], [117.00846902500007, 5.736997408000036], [117.01079347000007, 5.720229348000032], [117.01021235900009, 5.70982133900003], [116.99859013600008, 5.689004755000042], [116.99277902500012, 5.68437874500006], [116.97708902400007, 5.69189599200007], [116.9689534690001, 5.687848256000052], [116.95965569100008, 5.679174439000064], [116.92943791200003, 5.669922224000061], [116.91955902300003, 5.664139514000055], [116.917815689, 5.654887058000043], [116.91026124500002, 5.64679103800006], [116.91432902300005, 5.62308061300007], [116.9108423560001, 5.614984149000065], [116.90154457800008, 5.608044234000033], [116.89573346600002, 5.598790884000039], [116.88178679900011, 5.584910586000035], [116.88120568800002, 5.560040896000032], [116.87888124400001, 5.546738072000039], [116.87423235500012, 5.536905357000023], [116.86667791000002, 5.532278140000074], [116.84401457600006, 5.524758836000046], [116.8382034650001, 5.516082597000036], [116.83646013100008, 5.508563087000027], [116.84750124300001, 5.493523783000057], [116.83646013100008, 5.485425538000072], [116.82658124200009, 5.484268637000071], [116.8167023530001, 5.486582437000038], [116.80508013000008, 5.483690186000047], [116.79810679700006, 5.488896228000044], [116.78590346300007, 5.491210010000032], [116.77137568500007, 5.496994425000025], [116.76556457400011, 5.50624937300006], [116.75684790700006, 5.514925756000025], [116.73360346200002, 5.516661017000047], [116.71558901700007, 5.524180424000065], [116.69060123800011, 5.529964518000043], [116.6714245710001, 5.532278140000074], [116.65897291100009, 5.539915645000065]]]}}, {"type": "Feature", "id": "Sandakan", "properties": {"district": "Sandakan", "rep_lon": 117.78278343125348, "rep_lat": 5.790766581500037}, "geometry": {"type": "MultiPolygon", "coordinates": [[[[117.91137022600003, 5.743404404000046], [117.90777049300004, 5.744859452000071], [117.9079954770001, 5.74597871800006], [117.91868218200011, 5.748888797000063], [117.92475673000001, 5.746314497000071], [117.92419427200002, 5.744747526000026], [117.91969460700011, 5.745307159000049], [117.91137022600003, 5.743404404000046]]], [[[118.13187184800006, 5.742102815000067], [118.12994938400004, 5.743195853000032], [118.13022402100012, 5.751393570000062], [118.13104793500008, 5.752759845000071], [118.13434358800009, 5.752213335000022], [118.14120953300005, 5.749480780000056], [118.13736460400003, 5.744288889000075], [118.13187184800006, 5.742102815000067]]], [[[117.9417429670001, 5.770042390000071], [117.94410529200002, 5.767692030000035], [117.94309286700002, 5.761536278000051], [117.93836821800005, 5.762207818000036], [117.93476848600005, 5.767692030000035], [117.9417429670001, 5.770042390000071]]], [[[117.96636825400003, 5.788845386000048], [117.98267487300006, 5.785429910000062], [117.989111696, 5.781587476000027], [117.99726500500003, 5.773902528000065], [118.00498919200004, 5.776037246000044], [118.00584743600007, 5.772194747000071], [118.01657547400009, 5.774329472000034], [118.01657547400009, 5.767498325000076], [118.01442986600011, 5.760240141000054], [118.01657547400009, 5.755116661000045], [118.00413094900011, 5.749993135000068], [117.999410613, 5.742307760000074], [117.99125730300011, 5.74572349500005], [117.98010014300007, 5.74572349500005], [117.9732341990001, 5.743161695000026], [117.96636825400003, 5.745296529000029], [117.95907318800005, 5.753835784000046], [117.95091987900003, 5.774329472000034], [117.94190832700008, 5.779452778000064], [117.93289677500002, 5.77774501500005], [117.92345610100006, 5.779025838000052], [117.91616103500007, 5.783295228000043], [117.91058245500005, 5.792687772000022], [117.91530279200003, 5.797383985000067], [117.93547150400002, 5.790553116000069], [117.94105008400004, 5.789272319000077], [117.95220724400008, 5.790553116000069], [117.96636825400003, 5.788845386000048]]], [[[118.11613167000007, 5.771767802000056], [118.09295910700007, 5.768779171000062], [118.09081350000008, 5.774756416000059], [118.09338822900008, 5.779025838000052], [118.09338822900008, 5.783722165000029], [118.10282890200006, 5.784149102000072], [118.10797836100005, 5.781160537000062], [118.12085200700005, 5.781160537000062], [118.12085200700005, 5.77774501500005], [118.11613167000007, 5.771767802000056]]], [[[117.97906769200006, 5.792372565000051], [117.98072356900002, 5.79187117500004], [117.98036359600007, 5.790868395000075], [117.97294814700001, 5.78893445600005], [117.97129227000005, 5.790581886000041], [117.97906769200006, 5.792372565000051]]], [[[118.31618276600011, 5.72191966400004], [118.30143171300006, 5.711912153000071], [118.3021022150001, 5.69589977000004], [118.29874970300011, 5.683890190000056], [118.2813166410001, 5.679886941000063], [118.27662312400003, 5.676550879000047], [118.2726001100001, 5.66520812400006], [118.25449654500005, 5.647859950000054], [118.26455408100003, 5.627842180000073], [118.16599022800006, 5.569119422000028], [118.14654565900003, 5.583133343000043], [118.1043040080001, 5.567784746000029], [118.1043040080001, 5.513060405000033], [118.03591276300006, 5.513060405000033], [118.03390125600004, 5.55377045900002], [117.93667840800003, 5.56177866400003], [117.89175474700005, 5.589806521000071], [117.92796187700003, 5.65319790500007], [117.91254032200004, 5.65319790500007], [117.89644826400001, 5.660537513000065], [117.87834469900008, 5.662539208000055], [117.82939802400006, 5.629176719000043], [117.80660094300003, 5.660537513000065], [117.81330596700002, 5.675883665000072], [117.80660094300003, 5.701237281000033], [117.78581536800004, 5.679219730000057], [117.76301828700002, 5.691229408000027], [117.72748166000008, 5.690562210000053], [117.70288763200006, 5.735476228000039], [117.70250745700002, 5.734719684000027], [117.64069350500006, 5.834783858000037], [117.62497860600001, 5.847290506000036], [117.61764498600007, 5.855628115000059], [117.61659732600003, 5.893145817000061], [117.62393094600009, 5.896272178000061], [117.63335988600011, 5.896272178000061], [117.66059904500003, 5.902524846000063], [117.67212330500001, 5.907735350000053], [117.68259990500007, 5.908777445000055], [117.71402970500003, 5.898356408000041], [117.72974460500006, 5.898356408000041], [117.74650716500003, 5.900440631000038], [117.75384078500008, 5.904609054000048], [117.76536504500007, 5.904609054000048], [117.77165100500008, 5.908777445000055], [117.76850802500007, 5.917114133000041], [117.75803142500001, 5.927534816000048], [117.75803142500001, 5.937955302000034], [117.79679484500002, 5.938997340000071], [117.84498720500005, 5.93587122100007], [117.85546380500011, 5.936913262000076], [117.87117870500003, 5.945249525000065], [117.88584594500003, 5.947333571000058], [117.8994655250001, 5.954627670000036], [117.90365616500003, 5.961921672000074], [117.90365616500003, 5.969215577000057], [117.8994655250001, 5.982761143000062], [117.90679914500004, 5.991096709000033], [117.92251404500007, 6.004641732000039], [117.93927660500003, 6.011935067000024], [117.9560391650001, 6.026521443000036], [117.95747685600008, 6.031410175000076], [117.96159642300006, 6.031956410000021], [117.96571599000004, 6.036872498000037], [117.97011019400009, 6.032229527000027], [117.97175802100003, 6.032229527000027], [117.9687370050001, 6.037964956000053], [117.9734058470001, 6.046704540000064], [117.97093410700006, 6.050254955000071], [117.97038483200004, 6.055170877000023], [117.97175802100003, 6.057355717000064], [117.97505367400004, 6.057082612000045], [117.98246889400002, 6.062271574000022], [117.98191961900011, 6.068552882000063], [117.9832928080001, 6.069099079000068], [117.98658846100011, 6.064729486000033], [117.99153194100006, 6.061725370000033], [117.99784861, 6.05981365100007], [118.0113058610001, 6.05954054800003], [118.00965803500003, 6.053259135000076], [118.01267905000009, 6.032775761000039], [118.01734789300008, 6.027313397000057], [118.02558702600004, 6.028132755000058], [118.0365725370001, 6.032775761000039], [118.0431638440001, 6.037418727000045], [118.04591022200009, 6.035233807000054], [118.04618486000004, 6.029225231000055], [118.04069210400007, 6.022397222000052], [118.04371312, 6.01529600300006], [118.0431638440001, 6.010652848000063], [118.03410079700006, 6.005736522000063], [118.03465007300008, 6.003551475000052], [118.05387471800009, 5.971867300000042], [118.06849918000012, 5.95916580100004], [118.06978654400007, 5.952763724000022], [118.0603458710001, 5.939105712000071], [118.053050804, 5.935691156000075], [118.05691289800006, 5.922886382000058], [118.0680700580001, 5.912215510000067], [118.0809437040001, 5.904105510000022], [118.0886678920001, 5.904532355000072], [118.0912426210001, 5.905386044000068], [118.09467559300003, 5.909227629000043], [118.09810856600006, 5.909654470000021], [118.10068329500007, 5.904532355000072], [118.09982505200003, 5.90026388900003], [118.09510471500005, 5.898983343000054], [118.09467559300003, 5.89343427600005], [118.09767944400005, 5.888312011000039], [118.09939593000001, 5.877640474000032], [118.10282890200006, 5.876359876000038], [118.10583275300007, 5.870810583000036], [118.11441518400011, 5.870383712000034], [118.12814707300004, 5.856723668000029], [118.13158004500008, 5.851601065000068], [118.13029268100001, 5.847332194000046], [118.12128112900007, 5.839648143000034], [118.1118404550001, 5.837940562000028], [118.10669099600011, 5.834952283000064], [118.08180194700003, 5.826414254000042], [118.08437667600003, 5.811045475000071], [118.08051458300008, 5.808057052000038], [118.0577711410001, 5.806349375000025], [118.050476075, 5.798237838000034], [118.0294491200001, 5.789272319000077], [118.02558702600004, 5.792260841000029], [118.0191502030001, 5.791406979000044], [118.00541831400005, 5.802507082000034], [118.00842216500007, 5.811045475000071], [118.00756392200003, 5.815314622000074], [118.00241446300004, 5.814460795000059], [117.98954081700003, 5.805922455000029], [117.9835331160001, 5.805495534000045], [117.97709629300005, 5.807630133000032], [117.97151771300003, 5.804641693000065], [117.96636825400003, 5.804641693000065], [117.9655100110001, 5.80891088900006], [117.96207703900006, 5.80933780600003], [117.955640216, 5.805922455000029], [117.95649845900004, 5.80165323600005], [117.96078967400001, 5.799945540000067], [117.9603605530001, 5.796957058000032], [117.94963251400009, 5.793968561000042], [117.93590062500004, 5.79610320300003], [117.91573191300006, 5.80165323600005], [117.91101157600008, 5.80165323600005], [117.90929509000011, 5.799945540000067], [117.90886596900009, 5.794395490000056], [117.90500387500003, 5.793114702000025], [117.89942529500001, 5.793541632000029], [117.89727968700004, 5.79012618400003], [117.89985441600004, 5.784149102000072], [117.90328738900007, 5.783295228000043], [117.90972421200001, 5.774756416000059], [117.91444454900011, 5.774756416000059], [117.91959400700011, 5.772621693000076], [117.9191648850001, 5.768779171000062], [117.91358630500008, 5.764082721000023], [117.90714948200002, 5.761521004000031], [117.91229894100002, 5.758105363000027], [117.91186981900012, 5.754689702000064], [117.90586211800007, 5.749139210000067], [117.9062912390001, 5.74572349500005], [117.91144069800009, 5.73931897500006], [117.91616103500007, 5.736330174000045], [117.92259785800002, 5.740172915000073], [117.93118028800006, 5.736330174000045], [117.9449121780001, 5.733341357000029], [117.94834515000002, 5.726082738000059], [117.94276657000012, 5.71839704000007], [117.93118028800006, 5.720958951000057], [117.92731819500011, 5.717543067000065], [117.92731819500011, 5.713273184000059], [117.937617111, 5.714981141000067], [117.93590062500004, 5.697474341000031], [117.93804623300002, 5.689788260000057], [117.94190832700008, 5.688934244000052], [117.9449121780001, 5.693631313000026], [117.95392373000004, 5.691496287000064], [117.95306548700012, 5.688080228000047], [117.94362481300004, 5.679539992000059], [117.947916028, 5.675696844000072], [117.96636825400003, 5.681675063000057], [117.97537980700008, 5.677831929000035], [117.97967102200005, 5.677831929000035], [117.98653696600002, 5.682102076000035], [117.99211554600004, 5.680394021000041], [117.9964067620001, 5.682102076000035], [118.01400074500009, 5.69662033700007], [118.02215405400011, 5.694912325000075], [118.02601614800005, 5.697047339000051], [118.03030736300002, 5.70046334500006], [118.03416945700008, 5.710711239000034], [118.03803155100002, 5.714127164000047], [118.05691289800006, 5.720104982000066], [118.0680700580001, 5.719677997000076], [118.06506620700009, 5.705160319000072], [118.0757942460001, 5.700036345000058], [118.07879809700012, 5.696193334000043], [118.083947555, 5.69662033700007], [118.09553383600007, 5.700890344000072], [118.10111241600009, 5.709003270000039], [118.104545389, 5.709003270000039], [118.11098221200007, 5.706014310000057], [118.11484430500002, 5.691923293000059], [118.11913552100009, 5.682956101000059], [118.11656079200009, 5.673988770000051], [118.11784815600004, 5.66971856400005], [118.12471410100011, 5.665021300000035], [118.12986355900011, 5.664167248000069], [118.12600146500006, 5.675696844000072], [118.13930423300008, 5.683383114000037], [118.14230808400009, 5.683810126000026], [118.1551817300001, 5.678685961000042], [118.1577564590001, 5.681248049000033], [118.15046139300011, 5.686372191000032], [118.14831578500002, 5.691069280000022], [118.14831578500002, 5.698755344000062], [118.13372565300006, 5.709430263000058], [118.13158004500008, 5.713273184000059], [118.13029268100001, 5.721812919000058], [118.12771795200001, 5.725655757000027], [118.12857619500005, 5.730352525000058], [118.1371586250001, 5.741880791000028], [118.14144984100005, 5.739745945000038], [118.1474575420001, 5.740172915000073], [118.15995570700011, 5.746604111000067], [118.16397872100003, 5.751274021000029], [118.16062620900004, 5.759946610000043], [118.15258018000009, 5.768619066000042], [118.16599022800006, 5.777291389000027], [118.15928520400007, 5.780626863000066], [118.1458751560001, 5.799305152000045], [118.15258018000009, 5.804641693000065], [118.17336575500008, 5.809978183000055], [118.17336575500008, 5.813313463000043], [118.16800173600006, 5.814647570000034], [118.1633082190001, 5.813980517000061], [118.14989817100002, 5.823319186000049], [118.16062620900004, 5.842663079000033], [118.165319726, 5.847999207000043], [118.17336575500008, 5.85066725300004], [118.2015268560001, 5.849333232000049], [118.20957288400007, 5.847332194000046], [118.22767644900011, 5.837326899000061], [118.24108649700008, 5.841329039000072], [118.2638835790001, 5.830656603000023], [118.27595262200009, 5.821985100000063], [118.3228877900001, 5.818649871000048], [118.33026331600001, 5.813980517000061], [118.3316043210001, 5.808644065000067], [118.33026331600001, 5.800639292000028], [118.33763884300004, 5.792634405000058], [118.33495683300009, 5.753275399000074], [118.32355829200003, 5.730592700000045], [118.31618276600011, 5.72191966400004]]], [[[118.1557252770001, 5.810270449000029], [118.15374398400002, 5.811966521000045], [118.1538361370001, 5.818154850000042], [118.15724580400001, 5.812745796000058], [118.1557252770001, 5.810270449000029]]], [[[118.1418655870001, 5.883295752000038], [118.14006572100004, 5.888778781000042], [118.145802795, 5.882960054000023], [118.14524033600003, 5.879379269000026], [118.150414952, 5.867853460000049], [118.14929003500004, 5.862817837000023], [118.1459152860001, 5.86069167200003], [118.14659023600007, 5.858565499000065], [118.14400292800008, 5.856327412000041], [118.14029070400011, 5.864160675000051], [118.14096565400007, 5.869531991000031], [118.13781588800009, 5.87814836900003], [118.1418655870001, 5.883295752000038]]]]}}, {"type": "Feature", "id": "Semporna", "properties": {"district": "Semporna", "rep_lon": 118.42892544500006, "rep_lat": 4.48015270250005}, "geometry": {"type": "MultiPolygon", "coordinates": [[[[118.31459764200008, 4.374995812000066], [118.30344030800006, 4.393907772000034], [118.29674590800005, 4.396132676000036], [118.29191106300004, 4.392795317000036], [118.28782004100003, 4.393907772000034], [118.275546974, 4.40836953500002], [118.2617862620001, 4.411706825000067], [118.25323230600009, 4.416898135000054], [118.24430644000006, 4.437663013000076], [118.24319070600006, 4.455831800000055], [118.24579408400007, 4.467326109000055], [118.24319070600006, 4.474370918000034], [118.24319070600006, 4.494392637000033], [118.24047341800008, 4.497402557000044], [118.25204684000005, 4.505932685000062], [118.25437128400006, 4.511725812000066], [118.25379017300008, 4.523891228000025], [118.24914128400007, 4.543007899000031], [118.25611461800008, 4.555752064000046], [118.27064239600008, 4.556331339000053], [118.27412906300003, 4.55980697900003], [118.27587239600007, 4.566178941000032], [118.28865684100003, 4.570233796000025], [118.29795461900005, 4.578343438000047], [118.30318461900004, 4.591666222000072], [118.3089957310001, 4.596879418000071], [118.32178017500007, 4.602671813000029], [118.32410462000007, 4.626999355000066], [118.33747017600001, 4.626420138000071], [118.34560573200008, 4.628157789000056], [118.3525790650001, 4.632791504000068], [118.35897128800002, 4.633370717000048], [118.3694312880001, 4.628737005000062], [118.37349906600002, 4.621207159000051], [118.37001239900007, 4.616573368000047], [118.37117462100002, 4.610781086000031], [118.38279684400004, 4.598037900000065], [118.39151351100008, 4.59398320300005], [118.3961624000001, 4.589928482000062], [118.4008112890001, 4.580081207000035], [118.40604128900009, 4.580081207000035], [118.41592017800008, 4.598617141000034], [118.42405573400004, 4.602092575000029], [118.4321912900001, 4.601513337000029], [118.43800240100006, 4.592245468000044], [118.4467190680001, 4.589349234000053], [118.45311129000004, 4.585294487000056], [118.46124684600011, 4.571971584000039], [118.47868018000008, 4.573130107000054], [118.48739684700001, 4.563861870000039], [118.4879779580001, 4.558648434000077], [118.48216684700003, 4.552855683000075], [118.47984240200003, 4.537215022000055], [118.47926129100006, 4.522153324000044], [118.480423513, 4.516939587000024], [118.50134351400004, 4.504774054000052], [118.51006018100009, 4.501877468000032], [118.51993907000008, 4.501877468000032], [118.54027796000003, 4.523311928000055], [118.58676685000012, 4.514622358000054], [118.59374018300002, 4.510567190000074], [118.59315907200005, 4.507091314000036], [118.58676685000012, 4.504194737000034], [118.57572573800007, 4.494925616000046], [118.5751446270001, 4.490870338000036], [118.58211796100011, 4.487394368000025], [118.58560462800006, 4.494346292000046], [118.59141573900001, 4.494925616000046], [118.59548351700005, 4.490291011000068], [118.59664573900011, 4.485077045000025], [118.60303796200003, 4.483918381000024], [118.60303796200003, 4.492608317000077], [118.61001129500005, 4.483339048000062], [118.61930907300007, 4.476966357000038], [118.62279574000002, 4.46769689000007], [118.62686351800005, 4.461903413000073], [118.6187279620001, 4.453213113000061], [118.62163351800007, 4.447998883000025], [118.63151240700006, 4.454371825000067], [118.63674240700004, 4.45205439800003], [118.64197240700003, 4.444522710000058], [118.64371574000006, 4.438149682000073], [118.62860685100009, 4.426562218000072], [118.61989018400004, 4.415553960000068], [118.6187279620001, 4.410918855000034], [118.60943018400008, 4.404545538000036], [118.60303796200003, 4.408601292000071], [118.60420018400009, 4.424244704000046], [118.60187573900009, 4.423085944000036], [118.59548351700005, 4.431776600000035], [118.59490240600007, 4.438149682000073], [118.59257796100007, 4.443943346000026], [118.58734796100009, 4.430038477000039], [118.58386129400003, 4.42714159600007], [118.57863129400005, 4.428879726000048], [118.57107684900006, 4.425982841000064], [118.5774690720001, 4.419030270000064], [118.58618573900003, 4.414974573000052], [118.59141573900001, 4.41033946500005], [118.59548351700005, 4.402807351000035], [118.59257796100007, 4.398751567000033], [118.58909129400001, 4.398172167000041], [118.58444240500012, 4.389481118000049], [118.57979351600011, 4.384266440000033], [118.56410351600005, 4.372678137000037], [118.55480573800003, 4.37151929700002], [118.55364351600008, 4.376734064000061], [118.55771129300001, 4.383107618000054], [118.55364351600008, 4.382528206000075], [118.54957573800004, 4.378472311000053], [118.5484135150001, 4.373836976000064], [118.55306240400012, 4.356454212000074], [118.55306240400012, 4.351239304000046], [118.5507379600001, 4.349500994000039], [118.5292368480001, 4.350659868000037], [118.52110129200003, 4.349500994000039], [118.50308684700008, 4.359930797000061], [118.48100462500008, 4.358192506000023], [118.46996351300004, 4.355874779000033], [118.44439462300011, 4.344865479000021], [118.43451573400012, 4.344865479000021], [118.4275424010001, 4.340809381000042], [118.42347462300006, 4.334435468000038], [118.41650128900005, 4.328061501000036], [118.40836573400009, 4.327482047000046], [118.39441906600007, 4.330379313000037], [118.38744573300005, 4.337912154000037], [118.3862835110001, 4.343127154000058], [118.3793101770001, 4.346024360000058], [118.35606573200005, 4.340229936000071], [118.34967351000012, 4.345444920000034], [118.34695390900004, 4.35460002700006], [118.34025950900002, 4.363129241000024], [118.3242673310001, 4.369433380000032], [118.31459764200008, 4.374995812000066]]], [[[118.48307338000006, 4.521087408000028], [118.48195764700006, 4.530726944000037], [118.49199924700008, 4.554083750000075], [118.5012970250001, 4.555937432000064], [118.5042723140001, 4.554825223000023], [118.5061318700001, 4.551859325000066], [118.50724760300011, 4.538141885000073], [118.5039004030001, 4.526277943000025], [118.5065037810001, 4.514784564000024], [118.48567675800007, 4.517009104000067], [118.48307338000006, 4.521087408000028]]], [[[118.49733915600007, 4.591934535000064], [118.49317696600008, 4.589243396000029], [118.48631497600002, 4.592046665000055], [118.486877434, 4.595186313000056], [118.49733915600007, 4.591934535000064]]], [[[118.48939586900008, 4.676416442000061], [118.49088351400007, 4.674192400000038], [118.48530484700007, 4.671227], [118.48381720200007, 4.66677887700007], [118.48865204700007, 4.657882545000064], [118.49199924700008, 4.658623910000074], [118.49348689200008, 4.657141179000064], [118.49460262500008, 4.645649905000028], [118.4983217360001, 4.642313694000052], [118.5027846700001, 4.643796457000064], [118.50687569200011, 4.647503349000033], [118.50799142500011, 4.651580909000074], [118.50501613600011, 4.656399812000075], [118.50761951400011, 4.658994593000045], [118.513570092, 4.659735957000066], [118.51840493700001, 4.658253228000035], [118.52026449200002, 4.655658445000029], [118.51803302600001, 4.649356788000034], [118.53067800400004, 4.646761972000036], [118.53737240400005, 4.64824472600003], [118.54295107100006, 4.655658445000029], [118.54741400400007, 4.653805022000029], [118.54778591500008, 4.649727476000066], [118.5645219160001, 4.643796457000064], [118.56861293800011, 4.639348160000054], [118.58088600500002, 4.638977467000075], [118.58683658300004, 4.634158445000025], [118.58423320500003, 4.624891001000037], [118.57977027200002, 4.62118399000002], [118.57233204900001, 4.620813288000022], [118.56749720500011, 4.618959774000075], [118.5615466270001, 4.608209298000077], [118.55819942700009, 4.592268638000064], [118.55373649300009, 4.588932175000025], [118.55001738200008, 4.592639355000074], [118.54815782700007, 4.603390066000031], [118.54257916000006, 4.612657790000071], [118.54667018200007, 4.615252732000044], [118.54481062600007, 4.615994142000034], [118.53737240400005, 4.614882026000032], [118.53030609300004, 4.608209298000077], [118.53104991500004, 4.603390066000031], [118.53514093700005, 4.599682943000062], [118.53402520400005, 4.595975800000076], [118.51468582600012, 4.595975800000076], [118.50873524800011, 4.598200088000056], [118.5039004030001, 4.602648643000066], [118.48009809100006, 4.616364846000067], [118.47340369100004, 4.615623437000067], [118.46782502400004, 4.606726461000051], [118.46261826800003, 4.60487291000004], [118.45666769000002, 4.609692132000021], [118.45183284600012, 4.610804255000062], [118.4462541790001, 4.608580007000057], [118.44736991200011, 4.612287084000059], [118.4447665350001, 4.620071883000037], [118.43658449000009, 4.627485898000032], [118.43100582300008, 4.627485898000032], [118.42505524500007, 4.631192876000057], [118.41129453400004, 4.630080784000029], [118.37633488800009, 4.646761972000036], [118.36889666600007, 4.647874038000054], [118.36294608800006, 4.647132661000057], [118.35364831000004, 4.641943003000051], [118.33877186500001, 4.644908527000041], [118.32984599800011, 4.651951595000071], [118.3235235090001, 4.654917076000061], [118.3212920420001, 4.658623910000074], [118.33951568700002, 4.665666841000075], [118.35067302100003, 4.66789091000004], [118.37335959900008, 4.661589364000065], [118.3874922220001, 4.666037520000032], [118.396418089, 4.663072086000057], [118.40348440000002, 4.666408199000045], [118.40534395600002, 4.661960044000068], [118.40980688900004, 4.661589364000065], [118.41464173400004, 4.663813445000073], [118.42579906700007, 4.664554804000034], [118.42989009000007, 4.666037520000032], [118.43286537900008, 4.669373619000055], [118.43174964500008, 4.674563074000048], [118.42431142300006, 4.68123517500004], [118.4406755120001, 4.689760544000023], [118.44699800100011, 4.698656471000049], [118.45332049000001, 4.69939779300006], [118.46150253500002, 4.698285810000073], [118.46633738000003, 4.694949849000068], [118.46708120200003, 4.69124320700007], [118.46299018000002, 4.685683207000068], [118.46373400200002, 4.68049383400006], [118.47080031300004, 4.677157788000045], [118.47637898000005, 4.674933748000058], [118.48195764700006, 4.677157788000045], [118.48344529100007, 4.674933748000058], [118.48939586900008, 4.676416442000061]]], [[[118.42135105600005, 4.697581667000065], [118.43049100200005, 4.697406489000059], [118.43119407400002, 4.691450419000034], [118.42205412900012, 4.690399342000035], [118.42205412900012, 4.68917308400006], [118.42556949300001, 4.688647544000048], [118.4236360430001, 4.684618393000051], [118.42152682400001, 4.684793574000025], [118.42082375200005, 4.687070923000022], [118.41853876500011, 4.686370201000045], [118.41660531500008, 4.688122004000036], [118.4180114610001, 4.689698624000073], [118.41730838800004, 4.690749701000072], [118.41308995200006, 4.689523444000031], [118.40904728400005, 4.691275239000049], [118.40781690600011, 4.693727746000036], [118.41168380600004, 4.70178592000002], [118.40641076100007, 4.702311450000025], [118.405707688, 4.697056133000046], [118.40342270200006, 4.693902924000042], [118.40078617900008, 4.693027031000042], [118.39674351100007, 4.696005065000065], [118.39832542500005, 4.699333442000068], [118.39744658400002, 4.700734859000022], [118.39076739300003, 4.699508619000028], [118.38971278400004, 4.701961097000037], [118.39709504700011, 4.704588742000055], [118.3976223520001, 4.71001917600006], [118.40113771500012, 4.708792953000057], [118.41256264700007, 4.710369525000033], [118.41045342900009, 4.707566727000028], [118.41836299700003, 4.704588742000055], [118.41889030200002, 4.700384505000045], [118.42135105600005, 4.697581667000065]]], [[[118.47686567800008, 4.720536581000033], [118.47529079500009, 4.716836939000075], [118.4695537230001, 4.716052164000075], [118.4670789060001, 4.711904053000069], [118.46426661500004, 4.710334490000037], [118.46280422400002, 4.708540700000071], [118.46302920700009, 4.70472888200004], [118.46010442500005, 4.705850007000038], [118.45717964200003, 4.704056207000065], [118.45459233500003, 4.706746906000035], [118.44953021100002, 4.704280432000076], [118.44694290300004, 4.710446602000047], [118.44964270300011, 4.715155277000065], [118.45031765200008, 4.720200250000062], [118.45133007700008, 4.721321350000039], [118.45568009700003, 4.72043886900002], [118.45954196600007, 4.721433461000061], [118.45965445800005, 4.726590497000075], [118.4634791740001, 4.720872911000072], [118.46752887200012, 4.719191258000023], [118.47495332100004, 4.719079148000048], [118.47686567800008, 4.720536581000033]]], [[[118.67535143000009, 4.489201874000059], [118.6801862750001, 4.491055723000045], [118.6831615640001, 4.486606479000045], [118.6831615640001, 4.482157208000046], [118.690599786, 4.473629362000054], [118.694690809, 4.472146249000048], [118.69989756400003, 4.473258584000064], [118.70361667600002, 4.471775470000068], [118.70733578700003, 4.46769689000007], [118.71291445400004, 4.46769689000007], [118.71403018700005, 4.471775470000068], [118.71998076500006, 4.464359853000076], [118.73225383200008, 4.461764369000036], [118.73411338800008, 4.458427305000043], [118.73374147600009, 4.452123921000066], [118.7393201430001, 4.451382343000034], [118.7393201430001, 4.464359853000076], [118.73783249900009, 4.46769689000007], [118.73336956500009, 4.469921573000022], [118.73262574300009, 4.472517028000027], [118.7367167650001, 4.472887806000074], [118.7434111660001, 4.469180013000027], [118.74489881000011, 4.458427305000043], [118.748989832, 4.456202588000053], [118.75605614400001, 4.457314947000043], [118.751221299, 4.44989918400006], [118.74564263200011, 4.446191275000047], [118.7385763210001, 4.441741759000024], [118.72741898700008, 4.440258581000023], [118.72369987600007, 4.436550623000073], [118.70993916500004, 4.436179826000057], [118.70696387600003, 4.439146195000035], [118.69134360900011, 4.442112553000072], [118.68688067500011, 4.440258581000023], [118.6839053860001, 4.435438232000024], [118.67237614100009, 4.425055835000023], [118.66716938600007, 4.424314229000061], [118.65452440700005, 4.415044100000046], [118.64373898500003, 4.415044100000046], [118.64299516300002, 4.422089409000023], [118.64894574100003, 4.427651448000063], [118.65489631900004, 4.436179826000057], [118.65675587400005, 4.441741759000024], [118.65601205200005, 4.447303650000038], [118.64745809600004, 4.458427305000043], [118.63890414000002, 4.46250593700006], [118.63816031800002, 4.466213764000031], [118.63964796300002, 4.468809232000069], [118.629978273, 4.475854027000025], [118.62663107300011, 4.485123391000059], [118.63295356200001, 4.485864935000052], [118.63778840700002, 4.48957264400002], [118.63592885100002, 4.492168029000027], [118.63109400700012, 4.492909566000037], [118.62774680700011, 4.495504939000057], [118.62923445100012, 4.498471069000061], [118.63258165100001, 4.499212599000032], [118.65266485200004, 4.492168029000027], [118.66047498500006, 4.491797261000045], [118.67200423000008, 4.494763405000072], [118.67126040800008, 4.491426492000073], [118.67535143000009, 4.489201874000059]]], [[[118.56600956000011, 4.549634893000075], [118.5600589820001, 4.548893414000077], [118.55485222700008, 4.550376371000027], [118.55522413800009, 4.545927491000043], [118.55857133800009, 4.540737097000033], [118.5567117820001, 4.539624864000075], [118.54704209300007, 4.539995609000073], [118.53662858200005, 4.53517591800005], [118.52547124800003, 4.53295143500003], [118.52063640400002, 4.536288157000058], [118.52138022600002, 4.539995609000073], [118.52547124800003, 4.544444525000074], [118.55299267100008, 4.555195960000049], [118.5667533830001, 4.563352114000054], [118.56972867200011, 4.566688695000039], [118.57233204900001, 4.561869183000056], [118.57456351600001, 4.563722846000076], [118.57419160500001, 4.572991085000069], [118.57828262700002, 4.577439797000068], [118.58237365000002, 4.57781052200005], [118.58386129400003, 4.573732539000048], [118.58200173900002, 4.567800886000043], [118.57902645000001, 4.561498450000045], [118.57865453900001, 4.551117848000047], [118.576051161, 4.546668973000067], [118.56600956000011, 4.549634893000075]]], [[[118.50082639700008, 4.567938193000032], [118.49430188200006, 4.572759952000069], [118.49418939000009, 4.577357414000062], [118.50307623000003, 4.577693812000064], [118.51072566100004, 4.570741545000033], [118.50926327000002, 4.568050327000037], [118.50082639700008, 4.567938193000032]]], [[[118.78202736300011, 4.61121372100007], [118.7836092770001, 4.612264916000072], [118.79450690400006, 4.603680114000042], [118.79151884500004, 4.601052092000032], [118.79151884500004, 4.593167970000025], [118.78800348100003, 4.587386224000056], [118.78466388600009, 4.585984582000037], [118.77956660900009, 4.58913827300006], [118.78220313100007, 4.597723251000048], [118.78202736300011, 4.61121372100007]]], [[[118.77675431800003, 4.616995273000043], [118.78237890000003, 4.613140910000027], [118.77517240400005, 4.608760927000048], [118.77148127200007, 4.609286527000052], [118.76796590900005, 4.616644877000056], [118.75689251300003, 4.619097643000032], [118.74863140900004, 4.624178347000054], [118.74652219100005, 4.623127170000032], [118.74423720400011, 4.617520866000064], [118.73808531800012, 4.611564120000025], [118.72455116800006, 4.603680114000042], [118.72191464500008, 4.603855315000033], [118.72419963200002, 4.612965711000072], [118.732460736, 4.623652759000038], [118.7401945360001, 4.628558235000071], [118.74423720400011, 4.627331869000045], [118.75267407700005, 4.631010960000026], [118.75372868600004, 4.630310182000073], [118.7554863680001, 4.627331869000045], [118.77095396800007, 4.626981478000062], [118.774820868, 4.623302366000075], [118.77675431800003, 4.616995273000043]]]]}}, {"type": "Feature", "id": "Sipitang", "properties": {"district": "Sipitang", "rep_lon": 115.70037339246686, "rep_lat": 4.64768867850006}, "geometry": {"type": "Polygon", "coordinates": [[[115.669588986, 4.129862698000068], [115.65622343000007, 4.146670984000025], [115.65157454100006, 4.156523951000054], [115.64866898500009, 4.181445611000072], [115.64518231800002, 4.19303681100007], [115.65215565200003, 4.249831198000038], [115.65622343000007, 4.260262367000053], [115.6846978750001, 4.302565098000059], [115.6701700970001, 4.340809381000042], [115.65215565200003, 4.349500994000039], [115.6364656510001, 4.354715913000064], [115.62251898400007, 4.357033644000069], [115.61031565100006, 4.369201611000051], [115.59636898300005, 4.380210555000076], [115.59636898300005, 4.392957550000062], [115.60566676200006, 4.420189036000068], [115.60508565000009, 4.431776600000035], [115.60159898400002, 4.444522710000058], [115.58009787200001, 4.479863042000034], [115.57603009400009, 4.490870338000036], [115.5806789830001, 4.502456786000039], [115.58823342800008, 4.509408566000047], [115.59230120600012, 4.516360280000072], [115.59288231700009, 4.525049829000068], [115.5783545380001, 4.551117848000047], [115.5806789830001, 4.563861870000039], [115.5806789830001, 4.574867889000075], [115.56324564900001, 4.599775621000049], [115.55975898200006, 4.615414915000031], [115.5638267600001, 4.63163307800005], [115.58474676100002, 4.659434778000048], [115.59636898300005, 4.668122584000059], [115.61380231700002, 4.694764517000067], [115.64460120700005, 4.768893220000052], [115.66203454100003, 4.782791465000059], [115.66494009700011, 4.800163875000067], [115.66261565200011, 4.856331630000057], [115.64983120700003, 4.889914242000032], [115.64750676300002, 4.918284447000076], [115.64518231800002, 4.930442737000021], [115.6387900960001, 4.944916601000045], [115.63356009600011, 4.967495197000062], [115.63297898500002, 4.986020648000022], [115.62949231800008, 4.99354646300003], [115.61961342900008, 4.999335492000057], [115.59462565000001, 4.999335492000057], [115.54813676000003, 4.992967557000043], [115.534190093, 4.979652583000075], [115.50513453600001, 4.968653053000025], [115.49235009100005, 4.968074125000044], [115.46620009100002, 4.983126080000034], [115.45574009000006, 4.982547165000028], [115.45382584200001, 4.982070411000052], [115.45748342400009, 4.999914392000051], [115.45806453500006, 5.009755617000053], [115.46794342400005, 5.014386730000069], [115.47607898000001, 5.016123389000029], [115.48595786900012, 5.024227736000057], [115.50862120300008, 5.030016494000051], [115.52954120400011, 5.055486416000065], [115.53302787000007, 5.071115191000047], [115.5394200930001, 5.072272863000023], [115.54465009300009, 5.071115191000047], [115.54755564900006, 5.07458820100004], [115.55452898200008, 5.100635177000072], [115.55452898200008, 5.120893206000062], [115.55104231500002, 5.13883549600007], [115.55452898200008, 5.148674602000028], [115.56905676000008, 5.155619761000025], [115.57370564900009, 5.161986091000074], [115.57951676100004, 5.163722351000047], [115.59172009400004, 5.156777281000075], [115.61089676200004, 5.139993046000029], [115.6265867620001, 5.136520390000044], [115.63704676200007, 5.131890153000029], [115.64053342900002, 5.125523523000027], [115.6556423190001, 5.108738466000034], [115.667264541, 5.08732241000007], [115.69399565300012, 5.061274895000054], [115.71491565400004, 5.058380662000047], [115.73002454300001, 5.062432585000067], [115.73757898800011, 5.071115191000047], [115.74803898800008, 5.073430533000021], [115.77012121100006, 5.059538357000065], [115.77205446800008, 5.057997775000047], [115.77593232200002, 5.054907565000065], [115.78290565600003, 5.051434450000045], [115.80208232300004, 5.05201330400007], [115.80208232300004, 5.036384068000075], [115.82242121200011, 5.028858747000072], [115.83055676800006, 5.017860043000042], [115.83927343500011, 5.009755617000053], [115.84043565700006, 4.999914392000051], [115.83113787900004, 4.973284457000034], [115.82881343500003, 4.952442886000028], [115.82538162500009, 4.942597099000068], [115.82419150900012, 4.931214375000025], [115.81586070000003, 4.912005588000056], [115.8127664000001, 4.895167800000024], [115.81467058500004, 4.882124152000074], [115.81871697800011, 4.874060679000024], [115.82847592500002, 4.869317414000022], [115.84751777500003, 4.862913954000021], [115.85180219100005, 4.856036095000036], [115.8515641680001, 4.838011030000075], [115.85442044500007, 4.832555982000031], [115.85227823700006, 4.802908212000034], [115.84442347400011, 4.789388400000064], [115.84537556700002, 4.778240284000049], [115.84347138200008, 4.762347976000058], [115.8384728960001, 4.751436626000043], [115.83804148000002, 4.739798651000058], [115.83990103500003, 4.732015183000044], [115.83469427900002, 4.709405564000065], [115.83618192400002, 4.689760544000023], [115.830231346, 4.671968351000032], [115.83134707900001, 4.661960044000068], [115.830231346, 4.656029129000046], [115.82688414600011, 4.652322281000068], [115.8227931240001, 4.643055076000053], [115.8220493010001, 4.634529140000041], [115.83357854600001, 4.613769909000041], [115.83506619100001, 4.605985041000054], [115.83952912400002, 4.59745865900004], [115.86258761400006, 4.579664143000059], [115.86295952500006, 4.574473992000037], [115.86109996900007, 4.569283803000076], [115.85812468000006, 4.565947234000021], [115.85514939100005, 4.512189260000071], [115.86072805800006, 4.504774054000052], [115.86667863600007, 4.500695658000041], [115.87076965800009, 4.490314184000056], [115.87076965800009, 4.482157208000046], [115.86630672500007, 4.471775470000068], [115.86370334700007, 4.456202588000053], [115.86853819200007, 4.438404604000027], [115.87337303600009, 4.409111156000051], [115.87039774700008, 4.395020225000053], [115.88497023000002, 4.390413254000066], [115.88564610300011, 4.390199582000037], [115.8804393470001, 4.383895617000064], [115.87783597000009, 4.377591600000073], [115.8758834360001, 4.343127154000058], [115.86891010300008, 4.316472333000036], [115.87646454700007, 4.303724044000035], [115.87762677, 4.297929296000063], [115.87239676900003, 4.289237092000064], [115.86658565800008, 4.285180697000044], [115.858450102, 4.282862747000024], [115.84682788000009, 4.265477898000029], [115.8346245460001, 4.255626309000036], [115.83055676800006, 4.234184180000057], [115.82648899000003, 4.227809378000075], [115.8177723230001, 4.22433219100003], [115.8055689900001, 4.226650317000065], [115.79743343400003, 4.235343229000023], [115.79046010000002, 4.24751314100007], [115.77593232200002, 4.245774594000068], [115.7596612110001, 4.218536846000063], [115.75385009900003, 4.213320997000039], [115.7451334320001, 4.211582373000056], [115.7404845430001, 4.208105114000034], [115.73409232100005, 4.196514138000055], [115.72770009800001, 4.192457255000022], [115.71259120900004, 4.196514138000055], [115.70736120900006, 4.194195922000063], [115.70213120900007, 4.184922989000029], [115.68992787500008, 4.15246686200004], [115.68404991000011, 4.125964479000061], [115.669588986, 4.129862698000068]]]}}, {"type": "Feature", "id": "Tambunan", "properties": {"district": "Tambunan", "rep_lon": 116.43105376796407, "rep_lat": 5.710700234000029}, "geometry": {"type": "Polygon", "coordinates": [[[116.55137452100007, 5.565954930000032], [116.54690407800001, 5.565801504000035], [116.5376063000001, 5.558398302000057], [116.52756470000008, 5.552845840000032], [116.51715118900006, 5.555436996000026], [116.51120061100005, 5.55247567400005], [116.50859723300005, 5.547293326000045], [116.50450621000005, 5.544331964000037], [116.485910654, 5.54026006600003], [116.48144772100011, 5.537298668000062], [116.47252185400009, 5.539149544000054], [116.46508363100008, 5.531746008000027], [116.45504203100006, 5.534707433000051], [116.43904985300003, 5.529154748000053], [116.43272736400002, 5.529524929000047], [116.42789251900001, 5.532486366000057], [116.40074300700007, 5.536928493000062], [116.38549465100004, 5.53359690000002], [116.36541145100011, 5.494356739000068], [116.34160913900007, 5.491765316000055], [116.33268327200005, 5.494726941000067], [116.32524505000004, 5.503611728000067], [116.31185624900002, 5.507313683000064], [116.2995831820001, 5.508054071000061], [116.28247527000008, 5.526563478000071], [116.26387971400004, 5.532486366000057], [116.25458193600002, 5.539889892000076], [116.24156504700011, 5.559878950000041], [116.2348706470001, 5.574315070000068], [116.20920877900005, 5.596153653000044], [116.19396042300002, 5.60614730900005], [116.18466264500012, 5.62428350700003], [116.1801997120001, 5.62909505600004], [116.1794558900001, 5.643159357000059], [116.18131544500011, 5.654632613000047], [116.18205926700011, 5.65833361500006], [116.18577837900011, 5.66314488200004], [116.18652220100012, 5.667956109000045], [116.18540646800011, 5.688310856000044], [116.18875366800012, 5.693862025000044], [116.19321660100002, 5.694602177000036], [116.21181215700005, 5.674617742000066], [116.22148184600007, 5.669436478000023], [116.2363582910001, 5.680539128000021], [116.245656069, 5.682759632000057], [116.24900326900001, 5.685350210000024], [116.25532575900002, 5.704224065000062], [116.26127633700003, 5.705334272000073], [116.26573927000004, 5.71421585500002], [116.26983029200005, 5.716436229000067], [116.27317749200006, 5.72050689200006], [116.28359100400007, 5.724577526000076], [116.28693820400008, 5.731238502000053], [116.28768202600008, 5.737529352000024], [116.29251687100009, 5.747150518000069], [116.30739331600012, 5.752701116000026], [116.31520344900002, 5.759731797000029], [116.32487313800004, 5.761951994000071], [116.33193945000005, 5.771202720000076], [116.33379900500006, 5.79525390200007], [116.33305518300006, 5.800064016000022], [116.33789002800006, 5.813754114000062], [116.34049340600006, 5.815234105000059], [116.34049340600006, 5.827813869000067], [116.34086531700007, 5.827813869000067], [116.34718780600008, 5.827813869000067], [116.35053500600009, 5.823373984000057], [116.3620642510001, 5.821894015000055], [116.36764291700001, 5.817454084000076], [116.37284967300002, 5.816714092000041], [116.37619687300003, 5.818934065000064], [116.38214745100004, 5.829293823000057], [116.38772611800005, 5.832253718000061], [116.39256096300005, 5.837803481000037], [116.39590816300006, 5.844463123000025], [116.40929696300009, 5.881089736000035], [116.41190034100009, 5.903286511000033], [116.4171070970001, 5.907725760000062], [116.41978422800003, 5.909662420000075], [116.42119811900011, 5.910685239000031], [116.425661052, 5.91253490500003], [116.44314087500004, 5.914014634000068], [116.44723189800004, 5.915864289000069], [116.45541394200006, 5.923632774000055], [116.46694318700008, 5.921783145000063], [116.4781005210001, 5.924002699000027], [116.49781181000003, 5.911055172000033], [116.51194443300005, 5.898847227000033], [116.51417590000005, 5.894777852000061], [116.51863883300007, 5.891078395000022], [116.5331433670001, 5.890338500000041], [116.54281305600011, 5.884049358000027], [116.547647901, 5.883679406000056], [116.55917714500004, 5.878500055000075], [116.56066479000003, 5.875540404000049], [116.55843332300003, 5.860371947000033], [116.55620185600003, 5.857412200000056], [116.547647901, 5.854822409000064], [116.546160256, 5.851122686000053], [116.55285465600002, 5.825593931000071], [116.55768950100003, 5.819304059000046], [116.55173892300002, 5.807094108000058], [116.55173892300002, 5.797843968000052], [116.56252434500004, 5.789703720000034], [116.57442550100006, 5.773422872000026], [116.57182212300006, 5.769722614000045], [116.57219403500005, 5.751961040000026], [116.59859972400011, 5.735679109000046], [116.60157501300012, 5.717546413000036], [116.5963682580001, 5.707184613000038], [116.5967401690001, 5.701633573000038], [116.60008736900011, 5.694232101000068], [116.5971120800001, 5.687940776000062], [116.5930210570001, 5.685720291000052], [116.58893003500009, 5.679798958000049], [116.59153341300009, 5.674617742000066], [116.5945087020001, 5.672027116000038], [116.5930210570001, 5.657963516000052], [116.57851652400007, 5.628724939000051], [116.56326816800004, 5.615770668000039], [116.56066479000003, 5.60503691100007], [116.56959065700005, 5.591711973000031], [116.57107830100006, 5.584309099000052], [116.56661536800004, 5.579497180000033], [116.55137452100007, 5.565954930000032]]]}}, {"type": "Feature", "id": "Tawau", "properties": {"district": "Tawau", "rep_lon": 117.64913385299488, "rep_lat": 4.479434315500043}, "geometry": {"type": "MultiPolygon", "coordinates": [[[[117.59494962000008, 4.198461434000023], [117.6109417990001, 4.189188552000076], [117.61577664300012, 4.18251200900005], [117.620239577, 4.171384310000064], [117.62209913200002, 4.160998317000065], [117.61986766600012, 4.159143660000041], [117.61391708800011, 4.160256455000024], [117.58490802000006, 4.181028325000057], [117.57412259800003, 4.183995690000074], [117.56854393100002, 4.183624770000051], [117.561849531, 4.180286482000042], [117.55478321900011, 4.17657725600003], [117.5469730860001, 4.169900605000066], [117.54436970800009, 4.171013384000048], [117.54362588600009, 4.17991556000004], [117.5462292630001, 4.187704880000069], [117.5458573520001, 4.191414053000074], [117.54139441900008, 4.198832347000064], [117.54065059700008, 4.203283289000069], [117.54213824100009, 4.205508750000035], [117.5480888190001, 4.204766931000051], [117.5532955750001, 4.208105114000034], [117.55403939700011, 4.212185097000031], [117.5525517530001, 4.22034499800003], [117.55589895300011, 4.222570411000049], [117.57040348600003, 4.208105114000034], [117.58193273100005, 4.201428733000057], [117.59494962000008, 4.198461434000023]]], [[[117.74222642500001, 4.258176144000061], [117.75598713600004, 4.257805259000065], [117.76565682600005, 4.245565968000051], [117.77123549200007, 4.245195077000062], [117.77755798100009, 4.241486161000068], [117.78016135900009, 4.237035438000021], [117.77867371500008, 4.227021217000072], [117.7905748710001, 4.218861386000071], [117.80098838200001, 4.214410533000034], [117.81846820500004, 4.199203260000047], [117.82925362700007, 4.19512320900003], [117.83520420500008, 4.196977780000054], [117.858262695, 4.189188552000076], [117.88280882900006, 4.184366610000041], [117.88987514000007, 4.174351712000032], [117.89582571800008, 4.170642458000032], [117.90252011900009, 4.163965757000028], [117.69796900100005, 4.165820402000065], [117.68606784500003, 4.162111108000033], [117.67751389000011, 4.171384310000064], [117.67081948900011, 4.173238938000054], [117.66524082300009, 4.17991556000004], [117.65408348900007, 4.184366610000041], [117.65148011100007, 4.188817634000031], [117.63883513300004, 4.199945085000024], [117.62767779900003, 4.204025110000032], [117.62544633300001, 4.215152344000046], [117.63251264400003, 4.227021217000072], [117.63697557700004, 4.231471998000075], [117.66003406700008, 4.245195077000062], [117.664497, 4.249645753000038], [117.6674722890001, 4.259659681000073], [117.67342286700011, 4.263739391000058], [117.68941504600002, 4.266335560000073], [117.69685326800004, 4.264852036000036], [117.70057237900005, 4.261884980000048], [117.72363086900009, 4.263368509000031], [117.73516011400011, 4.261143214000072], [117.74222642500001, 4.258176144000061]]], [[[117.63995086600005, 4.38315397100007], [117.63585984400004, 4.383895617000064], [117.63288455500003, 4.386862196000038], [117.62953735500002, 4.39168286000006], [117.62842162100003, 4.396503493000068], [117.63176882200003, 4.399099206000074], [117.64032277700005, 4.399840837000056], [117.64813291100006, 4.41281925100003], [117.65519922200008, 4.39947002100007], [117.65408348900007, 4.396132677000026], [117.64701717800006, 4.387233017000028], [117.63995086600005, 4.38315397100007]]], [[[117.62990926600003, 4.406886290000045], [117.62916544400002, 4.409852777000026], [117.63437219900004, 4.417639748000056], [117.64255424400005, 4.417268942000021], [117.64366997800005, 4.413931677000051], [117.63920704400005, 4.405032230000074], [117.63511602200003, 4.402065724000067], [117.62990926600003, 4.406886290000045]]], [[[117.8415266940001, 4.61970118000005], [117.84041096100009, 4.600424369000052], [117.84264242800009, 4.59745865900004], [117.8459896280001, 4.595975800000076], [117.86272562800002, 4.602648643000066], [117.86756047300003, 4.605243621000056], [117.87053576200003, 4.608950715000049], [117.87537060700004, 4.610804255000062], [117.88094927300006, 4.610804255000062], [117.88504029600006, 4.613399203000029], [117.88764367400006, 4.618589071000031], [117.89842909600009, 4.626003101000038], [117.91367745200012, 4.631563573000051], [117.918512297, 4.634529140000041], [117.91962803000001, 4.639348160000054], [117.93152918600003, 4.645279216000063], [117.93487638600004, 4.643796457000064], [117.94417416400006, 4.644167147000076], [117.94752136400007, 4.640089545000023], [117.95198429800007, 4.630451482000069], [117.95719105300009, 4.611916377000057], [117.97950572100001, 4.610804255000062], [117.98396865400002, 4.615252732000044], [117.98880349900003, 4.617106255000067], [117.99921701000005, 4.615252732000044], [118.00628332200006, 4.623778900000048], [118.01744065500009, 4.622296095000024], [118.0230193220001, 4.627856596000072], [118.0282260780001, 4.626744500000029], [118.03157327800011, 4.620813288000022], [118.03938341100002, 4.616364846000067], [118.04310252300002, 4.617106255000067], [118.05165647800004, 4.626003101000038], [118.05611941200004, 4.627485898000032], [118.06950821200007, 4.617106255000067], [118.07954981300009, 4.615994142000034], [118.0840127460001, 4.609692132000021], [118.0884756800001, 4.608580007000057], [118.09740154700012, 4.611174963000053], [118.098145369, 4.60450220000007], [118.10074874700001, 4.600053656000057], [118.10409594700002, 4.598200088000056], [118.10707123600002, 4.59931222900002], [118.10893079100003, 4.603390066000031], [118.11748474700005, 4.607467880000058], [118.12269150300006, 4.602648643000066], [118.14128705900009, 4.600795082000047], [118.1457499920001, 4.59745865900004], [118.15095674800011, 4.595975800000076], [118.15690732600001, 4.596717230000024], [118.16174217100001, 4.600424369000052], [118.17029612600004, 4.593751505000057], [118.17513097100004, 4.591897921000054], [118.17699052700004, 4.586707859000057], [118.18108154900006, 4.584112813000047], [118.2019085720001, 4.583742092000023], [118.20377246500004, 4.579965496000057], [118.20934679400011, 4.577439797000068], [118.21641310500002, 4.576698346000057], [118.22013221700001, 4.573732539000048], [118.22087603900002, 4.565947234000021], [118.23575248400005, 4.544073783000044], [118.23649630600005, 4.537400394000031], [118.23463675100004, 4.534434425000029], [118.23872777300005, 4.529243947000055], [118.23277719500004, 4.525536440000053], [118.23612439500005, 4.522941175000028], [118.23798395100005, 4.515896834000046], [118.23463675100004, 4.507369384000071], [118.23649630600005, 4.501807950000057], [118.24047341800008, 4.497402557000044], [118.24319070600006, 4.494392637000033], [118.24319070600006, 4.474370918000034], [118.24579408400007, 4.467326109000055], [118.24319070600006, 4.455831800000055], [118.24430644000006, 4.437663013000076], [118.25323230600009, 4.416898135000054], [118.2617862620001, 4.411706825000067], [118.275546974, 4.40836953500002], [118.28782004100003, 4.393907772000034], [118.29191106300004, 4.392795317000036], [118.29674590800005, 4.396132676000036], [118.30344030800006, 4.393907772000034], [118.31459764200008, 4.374995812000066], [118.3242673310001, 4.369433380000032], [118.34025950900002, 4.363129241000024], [118.34695390900004, 4.35460002700006], [118.34435053100003, 4.353858351000042], [118.33579657500002, 4.359791734000055], [118.3287302650001, 4.359420899000042], [118.3220358640001, 4.355712538000034], [118.3253830640001, 4.353116675000024], [118.32947408700011, 4.353116675000024], [118.33282128700012, 4.355341701000043], [118.33765613100002, 4.353487513000061], [118.34137524300002, 4.34421650500002], [118.33468084300011, 4.334574535000058], [118.31794484200009, 4.324932443000023], [118.30529986400006, 4.326415849000057], [118.27889417500012, 4.320853059000058], [118.25062892800008, 4.317515365000077], [118.24430644000006, 4.315290227000048], [118.21566928300001, 4.296005430000037], [118.19000741600007, 4.292296759000067], [118.17513097100004, 4.297859759000062], [118.15356012600012, 4.289700679000021], [118.12455105800007, 4.282654131000072], [118.10930270300003, 4.277461896000034], [118.07731834600008, 4.254467290000036], [118.05388794500004, 4.248162198000045], [118.0256227000001, 4.234068275000027], [117.99549789900004, 4.222941312000046], [117.978761899, 4.222941312000046], [117.96053825400008, 4.238148121000052], [117.94863709800006, 4.24074437500002], [117.94119887500005, 4.24074437500002], [117.92706625300002, 4.248533086000066], [117.91070216300011, 4.24074437500002], [117.90103247400009, 4.238889909000022], [117.89656954000009, 4.241857053000047], [117.89061896200008, 4.24074437500002], [117.88318074000006, 4.241857053000047], [117.87723016200005, 4.247049529000037], [117.87239531700004, 4.256321719000027], [117.87202340700003, 4.263368509000031], [117.86793238500002, 4.267448200000047], [117.86384136100003, 4.277461896000034], [117.85565931700012, 4.274865766000062], [117.85751887300012, 4.285991978000027], [117.8396671380001, 4.296376296000062], [117.83334465000007, 4.306389613000022], [117.82590642700006, 4.30861477600007], [117.81660864900005, 4.305277028000035], [117.81251762700003, 4.306018751000067], [117.80507940500001, 4.328640955000026], [117.80367339400004, 4.341813152000043], [117.80210411600001, 4.340878914000029], [117.7875995820001, 4.344587347000072], [117.76974784800007, 4.343845662000035], [117.76565682600005, 4.345329032000052], [117.76305344800005, 4.350520803000052], [117.75821860300005, 4.354229189000023], [117.73776349100001, 4.356454212000074], [117.73427682500005, 4.375575230000038], [117.72962793600004, 4.38774289600002], [117.72497904700003, 4.391798741000059], [117.72149238000009, 4.392378146000055], [117.7116134910001, 4.419030270000064], [117.70522126800006, 4.419609653000066], [117.69882904600001, 4.434673462000035], [117.69359904600003, 4.425403462000077], [117.7092890460001, 4.38774289600002], [117.70696460200008, 4.377313480000055], [117.70231571300008, 4.374995812000066], [117.69127460100003, 4.379631141000061], [117.67674682300003, 4.389481118000049], [117.67267904500011, 4.395275162000075], [117.68023349000009, 4.406863114000032], [117.68023349000009, 4.417292117000045], [117.67558460100008, 4.423665324000069], [117.66454348900004, 4.432355973000028], [117.65059682200001, 4.431197226000052], [117.65408348900007, 4.436411574000033], [117.64769126700003, 4.436411574000033], [117.64711015500006, 4.425982841000064], [117.62502793300007, 4.417292117000045], [117.60004015400011, 4.415553960000068], [117.59887793200005, 4.410918855000034], [117.60062126500009, 4.406863114000032], [117.61456793200011, 4.403966143000048], [117.61747348800009, 4.400489763000053], [117.61340571000005, 4.398172167000041], [117.59829682100008, 4.397592767000049], [117.59364793200007, 4.401648558000034], [117.5884179310001, 4.39991036400005], [117.58958015400003, 4.392378146000055], [117.59190459800004, 4.387163488000056], [117.59829682100008, 4.379051726000057], [117.60062126500009, 4.372098717000029], [117.60817571000007, 4.36456621800005], [117.61747348800009, 4.360510226000031], [117.6221223770001, 4.355874779000033], [117.62619015500002, 4.347183240000049], [117.62851459900003, 4.339071046000072], [117.62270348800007, 4.317631258000063], [117.6221223770001, 4.301406150000048], [117.62619015500002, 4.296190863000049], [117.63606904400001, 4.295031906000077], [117.64711015500006, 4.290975541000023], [117.65408348900007, 4.284601210000062], [117.65815126700011, 4.277647333000061], [117.64827237800012, 4.277647333000061], [117.64188015500008, 4.279385809000075], [117.6436234890001, 4.269534398000076], [117.65234015600004, 4.261421377000033], [117.65059682200001, 4.252728759000036], [117.63490682200006, 4.245195077000062], [117.6221223770001, 4.231866076000074], [117.61689237700011, 4.229547965000052], [117.59887793200005, 4.236502276000067], [117.59132348700007, 4.234184180000057], [117.6052701540001, 4.222593592000067], [117.6075945990001, 4.213320997000039], [117.60352682100006, 4.204048292000039], [117.59829682100008, 4.201730098000041], [117.58958015400003, 4.204048292000039], [117.57621459800009, 4.21100283100003], [117.55936237500009, 4.225491255000065], [117.54774015200007, 4.22375265900007], [117.55064570800005, 4.212161915000024], [117.54774015200007, 4.209843746000047], [117.53844237400006, 4.209264202000043], [117.53611793000005, 4.204627839000068], [117.5396045970001, 4.176809083000023], [117.53321237400007, 4.168115519000025], [117.52798237400009, 4.164638067000055], [117.50473792900004, 4.173331669000049], [117.49544015100003, 4.172172528000033], [117.48846681700002, 4.173911239000063], [117.47626348400001, 4.183184302000029], [117.471614595, 4.177968218000046], [117.46522237200008, 4.177388651000058], [117.45127570500006, 4.191877699000031], [117.44139681600006, 4.196514138000055], [117.42454459300006, 4.22201405800007], [117.42919348200007, 4.222593592000067], [117.43209903800005, 4.228968437000049], [117.42977459300005, 4.235922753000068], [117.42222014900005, 4.245774594000068], [117.3803801470001, 4.267795901000056], [117.37456903600003, 4.283442235000052], [117.36992014700002, 4.28865760900004], [117.36178459100006, 4.289816576000021], [117.34994445200005, 4.288947351000047], [117.30636111700005, 4.317015579000042], [117.28366146400003, 4.34146125500007], [117.2582378520001, 4.361379369000076], [117.25006597700008, 4.369527536000021], [117.24643403200002, 4.369527536000021], [117.223734379, 4.360474012000054], [117.2155625040001, 4.354136479000033], [117.21283854500007, 4.344177393000052], [117.21102257300004, 4.340555874000074], [117.2082986150001, 4.338745108000069], [117.19740278100005, 4.343272015000025], [117.18469097500008, 4.340555874000074], [117.1783350720001, 4.33602895100006], [117.17016319700008, 4.333312784000043], [117.1565434050001, 4.34146125500007], [117.14201562700009, 4.343272015000025], [117.13293576500007, 4.34146125500007], [117.1129600700001, 4.330596608000064], [117.10388020900007, 4.329691213000046], [117.0911684030001, 4.331502001000047], [117.04576909600007, 4.342366635000076], [117.03214930400009, 4.337839723000059], [117.02488541500009, 4.329691213000046], [117.02216145600005, 4.320637210000029], [117.01489756700005, 4.316110168000023], [117.00672569200003, 4.331502001000047], [116.99310590000005, 4.338745108000069], [116.98402603800002, 4.335123563000025], [116.97131423300004, 4.335123563000025], [116.95769444000007, 4.338745108000069], [116.946798607, 4.354136479000033], [116.94803346800006, 4.354136479000033], [116.95326346800005, 4.358771937000029], [116.95791235700005, 4.366883918000042], [116.96779124600005, 4.374995812000066], [116.98406235800007, 4.379631141000061], [117.00905013600004, 4.379631141000061], [117.02125347000003, 4.381948794000039], [117.03810569300003, 4.391219336000063], [117.04333569300002, 4.39991036400005], [117.04275458200004, 4.409180683000045], [117.03694347100009, 4.424824083000033], [117.03113235900003, 4.435832204000064], [117.03055124800005, 4.443363981000061], [117.03403791500011, 4.453213113000061], [117.04043013700004, 4.463062112000046], [117.05960680500004, 4.484497713000053], [117.06251236000003, 4.492028991000041], [117.06251236000003, 4.499560191000057], [117.09040569400008, 4.53200139300003], [117.12004236200005, 4.536635732000036], [117.13747569600002, 4.545904320000034], [117.13515125100002, 4.552855683000075], [117.11829902900001, 4.571392322000065], [117.10086569500004, 4.595720933000052], [117.09273013900008, 4.59919638100007], [117.06832347200009, 4.600934099000028], [117.05321458200001, 4.613677233000033], [117.04798458200003, 4.625261701000056], [117.05321458200001, 4.633370717000048], [117.07006680500001, 4.646113267000032], [117.07471569400002, 4.653063652000071], [117.08401347200004, 4.674493573000063], [117.08924347200002, 4.69939779300006], [117.09331125000006, 4.705189345000065], [117.11190680600009, 4.697081159000049], [117.12701569600006, 4.69650199900002], [117.14967903000002, 4.702293575000056], [117.16130125200004, 4.699976950000064], [117.18105903000003, 4.690131210000061], [117.19326236400002, 4.68839371200005], [117.20837125300011, 4.68839371200005], [117.22231792100001, 4.691289540000071], [117.2618334770001, 4.706926801000066], [117.275780144, 4.721405433000029], [117.278104589, 4.737621142000023], [117.2833345890001, 4.749782674000073], [117.28798347800011, 4.753257359000031], [117.294956812, 4.75557380500004], [117.30076792300008, 4.760785781000038], [117.31994459000009, 4.76136488700007], [117.32982347900008, 4.753836471000056], [117.3391212570001, 4.739358517000028], [117.36004125800002, 4.73009246700002], [117.37689348100002, 4.713876582000069], [117.3803801470001, 4.704610192000075], [117.38909681400003, 4.691868704000058], [117.39781348100007, 4.682602021000037], [117.41466570400007, 4.675651929000026], [117.43326126000011, 4.675651929000026], [117.44662681600005, 4.68433953300007], [117.45185681600003, 4.693027031000042], [117.47103348300004, 4.702872730000024], [117.47916903900011, 4.709822551000059], [117.48265570600006, 4.71850973100004], [117.483817928, 4.733567250000021], [117.46812792800006, 4.771209614000043], [117.46696570600011, 4.785686897000062], [117.46812792800006, 4.793794042000059], [117.47916903900011, 4.782212377000064], [117.48788570600004, 4.782212377000064], [117.50938681800005, 4.786845067000058], [117.52100904100007, 4.786845067000058], [117.5326312630001, 4.783370553000054], [117.58318793100011, 4.760206674000074], [117.60585126500007, 4.744570615000043], [117.61456793200011, 4.740516764000063], [117.62270348800007, 4.739358517000028], [117.63490682200006, 4.754415583000025], [117.66977348900002, 4.753836471000056], [117.68546349000007, 4.765997717000062], [117.6947612680001, 4.770051418000037], [117.71219460200007, 4.774105095000039], [117.72788460200002, 4.766576819000022], [117.7406690470001, 4.76426040900003], [117.74938571400003, 4.754415583000025], [117.75229127000011, 4.746307973000057], [117.75926460300002, 4.737042016000032], [117.76914349200001, 4.728355069000031], [117.7697246030001, 4.710980848000077], [117.77379238100002, 4.701714419000041], [117.79006349300005, 4.702293575000056], [117.78773904800005, 4.68202284900002], [117.79006349300005, 4.673335216000055], [117.79529349300003, 4.66522666000003], [117.81447016000004, 4.651905259000046], [117.82376793800006, 4.63394992800005], [117.82376793800006, 4.626999355000066], [117.82327283100005, 4.625518874000022], [117.83297273900007, 4.622296095000024], [117.83817949400009, 4.621925394000073], [117.8415266940001, 4.61970118000005]]]]}}, {"type": "Feature", "id": "Tenom", "properties": {"district": "Tenom", "rep_lon": 115.92445625809717, "rep_lat": 4.891417766500041}, "geometry": {"type": "Polygon", "coordinates": [[[115.88497023000002, 4.390413254000066], [115.87039774700008, 4.395020225000053], [115.87337303600009, 4.409111156000051], [115.86853819200007, 4.438404604000027], [115.86370334700007, 4.456202588000053], [115.86630672500007, 4.471775470000068], [115.87076965800009, 4.482157208000046], [115.87076965800009, 4.490314184000056], [115.86667863600007, 4.500695658000041], [115.86072805800006, 4.504774054000052], [115.85514939100005, 4.512189260000071], [115.85812468000006, 4.565947234000021], [115.86109996900007, 4.569283803000076], [115.86295952500006, 4.574473992000037], [115.86258761400006, 4.579664143000059], [115.83952912400002, 4.59745865900004], [115.83506619100001, 4.605985041000054], [115.83357854600001, 4.613769909000041], [115.8220493010001, 4.634529140000041], [115.8227931240001, 4.643055076000053], [115.82688414600011, 4.652322281000068], [115.830231346, 4.656029129000046], [115.83134707900001, 4.661960044000068], [115.830231346, 4.671968351000032], [115.83618192400002, 4.689760544000023], [115.83469427900002, 4.709405564000065], [115.83990103500003, 4.732015183000044], [115.83804148000002, 4.739798651000058], [115.8384728960001, 4.751436626000043], [115.84347138200008, 4.762347976000058], [115.84537556700002, 4.778240284000049], [115.84442347400011, 4.789388400000064], [115.85227823700006, 4.802908212000034], [115.85442044500007, 4.832555982000031], [115.8515641680001, 4.838011030000075], [115.85180219100005, 4.856036095000036], [115.84751777500003, 4.862913954000021], [115.82847592500002, 4.869317414000022], [115.81871697800011, 4.874060679000024], [115.81467058500004, 4.882124152000074], [115.8127664000001, 4.895167800000024], [115.81586070000003, 4.912005588000056], [115.82419150900012, 4.931214375000025], [115.82538162500009, 4.942597099000068], [115.82881343500003, 4.952442886000028], [115.83113787900004, 4.973284457000034], [115.84043565700006, 4.999914392000051], [115.83927343500011, 5.009755617000053], [115.83055676800006, 5.017860043000042], [115.82242121200011, 5.028858747000072], [115.80208232300004, 5.036384068000075], [115.80208232300004, 5.05201330400007], [115.78290565600003, 5.051434450000045], [115.77593232200002, 5.054907565000065], [115.77205446800008, 5.057997775000047], [115.77518850000001, 5.063289274000056], [115.77890761100002, 5.063659734000055], [115.78894921100004, 5.090332277000073], [115.79229641100005, 5.095888918000071], [115.79080876700004, 5.107742924000036], [115.78411436700003, 5.115892427000063], [115.78151098900003, 5.125893947000066], [115.78634583400003, 5.144044453000049], [115.79564361200005, 5.14960062800003], [115.79750316700006, 5.152934309000045], [115.79489978900006, 5.159231214000044], [115.79006494500004, 5.16256484500002], [115.78746156700004, 5.168120857000076], [115.79601552300005, 5.178862342000059], [115.80754476700008, 5.20849307800006], [115.81089196800008, 5.220715350000035], [115.81498299000009, 5.22701157900002], [115.8205616570001, 5.233307745000047], [115.82539650100011, 5.234789186000057], [115.83134707900001, 5.224048656000036], [115.84176059100002, 5.245529532000035], [115.85143028000005, 5.255528999000035], [115.85254601300005, 5.26367659400006], [115.86370334700007, 5.294414285000073], [115.87188539200008, 5.293303310000056], [115.8789517030001, 5.298117518000026], [115.88676183700011, 5.306264553000062], [115.89680343700002, 5.299598805000073], [115.90238210400003, 5.299598805000073], [115.91242370400005, 5.295525257000065], [115.91837428200006, 5.289600048000068], [115.92544059300008, 5.287748409000073], [115.92990352700008, 5.291451682000059], [115.94663952700012, 5.30811613700007], [115.95073055000012, 5.333297125000058], [115.95073055000012, 5.35884736600002], [115.95519348300002, 5.361809643000072], [115.96114406100003, 5.362550210000052], [115.97006992800004, 5.358477080000057], [115.97602050600005, 5.361809643000072], [115.97786852000002, 5.363984099000049], [115.98011152800007, 5.366623314000037], [115.98494637300007, 5.382174913000028], [115.98308681700007, 5.390320830000064], [115.98420255100007, 5.394764011000063], [115.9972194400001, 5.394023483000069], [116.008004862, 5.386247885000046], [116.01358352900002, 5.36032850600003], [116.00688912900011, 5.323669222000035], [116.00651721800011, 5.298117518000026], [116.01358352900002, 5.291451682000059], [116.02771615200004, 5.284785774000056], [116.03478246300006, 5.268120691000036], [116.03589819600006, 5.219604244000038], [116.02808806300004, 5.200715145000061], [116.02771615200004, 5.169232054000076], [116.02362512900004, 5.150341447000073], [116.011723974, 5.129227752000077], [116.00726104000012, 5.090332277000073], [115.9975913510001, 5.071439339000051], [116.0005666400001, 5.005865456000038], [115.9949879730001, 4.989934082000048], [115.98531828400007, 4.977707416000044], [115.98122726200006, 4.966962583000054], [115.98383063900008, 4.953253403000076], [115.99275650600009, 4.939173410000024], [116.00688912900011, 4.930280628000048], [116.03031953000004, 4.925093117000074], [116.03589819600006, 4.906936510000037], [116.03552628500006, 4.887667733000058], [116.03775775200006, 4.88285045300006], [116.06713873100011, 4.869510110000022], [116.07457695300002, 4.86098697500006], [116.07829606400003, 4.847275618000026], [116.08238708700003, 4.84060512800005], [116.08908148700004, 4.823928614000067], [116.09614779800006, 4.815404904000047], [116.10432984300007, 4.796133515000065], [116.10600344300008, 4.742435108000052], [116.101463512, 4.729766705000031], [116.09056767900006, 4.714383334000047], [116.086935734, 4.696284814000023], [116.086935734, 4.679995744000053], [116.079671845, 4.660991351000064], [116.07603990000007, 4.64017642500005], [116.06332809500009, 4.622075991000031], [116.02973260700003, 4.612120555000047], [116.01520482900003, 4.603975095000067], [116.00651721800011, 4.582259204000025], [116.00726104000012, 4.565576503000045], [116.00540148400012, 4.551488587000051], [115.9979632620001, 4.534805171000073], [115.98754975100007, 4.524424185000044], [115.94812717200011, 4.510335465000026], [115.9392013050001, 4.498841834000075], [115.92506868200007, 4.465842982000026], [115.90796077000005, 4.447674441000061], [115.88497023000002, 4.390413254000066]]]}}, {"type": "Feature", "id": "Tongod", "properties": {"district": "Tongod", "rep_lon": 116.99542290783305, "rep_lat": 5.080376477500039}, "geometry": {"type": "Polygon", "coordinates": [[[117.06251236000003, 4.499560191000057], [117.04798458200003, 4.493187642000066], [117.03287569300005, 4.500718831000029], [116.99742791400001, 4.52852561900005], [116.98987346900003, 4.538952890000076], [116.97592680200012, 4.550538569000025], [116.96837235700002, 4.550538569000025], [116.94861457900004, 4.554014237000047], [116.91200457800005, 4.556331339000053], [116.89457124400008, 4.57255084600007], [116.87016457700008, 4.598617141000034], [116.85505568700012, 4.610781086000031], [116.83006790900004, 4.607884928000033], [116.8213512420001, 4.615414915000031], [116.82774346400004, 4.62584092000003], [116.84169013100006, 4.639162813000041], [116.86377235400005, 4.653063652000071], [116.86784013200008, 4.660013968000044], [116.8649345770001, 4.676810282000076], [116.87248902100009, 4.680864504000056], [116.87248902100009, 4.692447867000055], [116.8649345770001, 4.69939779300006], [116.8626101320001, 4.708664253000052], [116.85738013200012, 4.715614016000075], [116.85098791000007, 4.71850973100004], [116.83646013100008, 4.721984572000054], [116.82425679800008, 4.737042016000032], [116.82077013100002, 4.747466209000038], [116.8143779080001, 4.754994694000061], [116.80740457500008, 4.759048460000031], [116.7998501300001, 4.76715592000005], [116.79462013000011, 4.790319564000072], [116.77253790700001, 4.81348242200005], [116.76033457400001, 4.788582317000021], [116.7341845730001, 4.801322020000043], [116.72546790600006, 4.802480163000041], [116.70571012700009, 4.801901091000047], [116.70164235000004, 4.804796443000043], [116.69234457200002, 4.804796443000043], [116.67026234900004, 4.786265982000032], [116.65282901500007, 4.781633289000069], [116.64934234800012, 4.769472319000045], [116.64353123700005, 4.767735021000021], [116.64062568100007, 4.749203559000023], [116.63481457000012, 4.740516764000063], [116.62435456900005, 4.737042016000032], [116.60227234700005, 4.738779392000026], [116.5772845680001, 4.749782674000073], [116.57554123500006, 4.774105095000039], [116.57147345700002, 4.784528726000076], [116.57379790100003, 4.799584801000037], [116.56973012300011, 4.807112715000073], [116.55229679000001, 4.815219605000038], [116.5459045670001, 4.844171995000067], [116.53718790000005, 4.863279894000073], [116.53660678900007, 4.881229245000043], [116.53021456700003, 4.893967202000056], [116.53544456700001, 4.910757775000036], [116.53544456700001, 4.920021359000032], [116.53137678900009, 4.937969186000032], [116.52789012200003, 4.94086395100004], [116.52498456700005, 4.954179708000026], [116.52556567800002, 4.97038983300007], [116.53253901100004, 4.976757988000031], [116.53544456700001, 4.981968250000023], [116.54997234500001, 4.992967557000043], [116.5505534560001, 5.006861154000035], [116.545323456, 5.010334508000028], [116.5459045670001, 5.028279872000041], [116.54299901200011, 5.053171010000028], [116.52614678900011, 5.063590273000045], [116.52440345500008, 5.074009367000031], [116.51394345500012, 5.086743588000047], [116.51684901100009, 5.092531787000041], [116.51452456600009, 5.100635177000072], [116.49941567700012, 5.107580859000052], [116.48546901000009, 5.109896070000048], [116.47965789900002, 5.116841652000062], [116.47675234300004, 5.136520390000044], [116.46890734300007, 5.133915886000068], [116.46164345400007, 5.16430110400006], [116.46396789800008, 5.187450769000066], [116.45525123100003, 5.198446563000061], [116.45350789800011, 5.204233745000067], [116.455832342, 5.213493127000049], [116.45990012000004, 5.220437574000073], [116.46919789800006, 5.229118024000059], [116.47210345400003, 5.235483611000063], [116.48140123200005, 5.248214590000032], [116.51452456600009, 5.25631598700005], [116.52730901100006, 5.262681297000029], [116.5360256780001, 5.272518465000076], [116.54648567800007, 5.291613700000028], [116.55694567900002, 5.298557275000064], [116.56856790100005, 5.297400018000076], [116.57496012400009, 5.293349601000045], [116.5819334570001, 5.291035065000074], [116.59471790200007, 5.29392823400002], [116.59471790200007, 5.302607659000046], [116.58077123500004, 5.321123357000033], [116.5772845680001, 5.332116789000054], [116.5650812340001, 5.351210177000041], [116.559851234, 5.363938771000051], [116.55927012300003, 5.374352878000025], [116.56181248400003, 5.378258123000023], [116.57906422100007, 5.389105892000032], [116.58360415200002, 5.396337630000062], [116.58632811000007, 5.422551959000032], [116.57814461300006, 5.439934504000064], [116.58186372400007, 5.448820105000038], [116.5956244350001, 5.449190335000026], [116.61719528000003, 5.434010698000066], [116.63281554800005, 5.432529737000038], [116.64136950300008, 5.436972608000076], [116.6502953700001, 5.44585825300004], [116.6528987480001, 5.45622467100003], [116.6540144810001, 5.471773963000032], [116.64025377000007, 5.488433471000064], [116.63913803700007, 5.497318351000047], [116.64285714800008, 5.516568470000038], [116.6525268370001, 5.522861642000066], [116.65959314800011, 5.529895109000051], [116.66070888200011, 5.53507761000003], [116.65897291100009, 5.539915645000065], [116.6714245710001, 5.532278140000074], [116.69060123800011, 5.529964518000043], [116.71558901700007, 5.524180424000065], [116.73360346200002, 5.516661017000047], [116.75684790700006, 5.514925756000025], [116.76556457400011, 5.50624937300006], [116.77137568500007, 5.496994425000025], [116.78590346300007, 5.491210010000032], [116.79810679700006, 5.488896228000044], [116.80508013000008, 5.483690186000047], [116.8167023530001, 5.486582437000038], [116.82658124200009, 5.484268637000071], [116.83646013100008, 5.485425538000072], [116.84750124300001, 5.493523783000057], [116.83646013100008, 5.508563087000027], [116.8382034650001, 5.516082597000036], [116.84401457600006, 5.524758836000046], [116.86667791000002, 5.532278140000074], [116.87423235500012, 5.536905357000023], [116.87888124400001, 5.546738072000039], [116.88120568800002, 5.560040896000032], [116.88178679900011, 5.584910586000035], [116.89573346600002, 5.598790884000039], [116.90154457800008, 5.608044234000033], [116.9108423560001, 5.614984149000065], [116.91432902300005, 5.62308061300007], [116.95238088700012, 5.607156427000064], [117.01674911700002, 5.589139207000073], [117.0563087590001, 5.59314308200004], [117.06971880700007, 5.587804576000053], [117.07508282600008, 5.572456101000057], [117.07642383100006, 5.56111131800003], [117.08111734700003, 5.55377045900002], [117.09050438100007, 5.551101033000066], [117.1153129700001, 5.556439873000045], [117.1307345250001, 5.556439873000045], [117.16224813800011, 5.547764234000056], [117.18504521900002, 5.538421096000036], [117.188397731, 5.538421096000036], [117.20113727700004, 5.544427416000076], [117.26885801900005, 5.555772520000062], [117.28763208600003, 5.57579276000007], [117.31244067500006, 5.62250399200002], [117.33054424000011, 5.631845789000067], [117.34931830700009, 5.636516632000053], [117.37814991000005, 5.650528933000032], [117.39155995800002, 5.654532386000028], [117.41349021400003, 5.665444056000069], [117.41435704000003, 5.665875351000068], [117.42843759000004, 5.659870279000074], [117.42709658500007, 5.635182109000027], [117.43380160900006, 5.617165754000041], [117.45391668100001, 5.601818050000077], [117.46933823600011, 5.594477700000027], [117.47738426500007, 5.587137259000031], [117.48207778200003, 5.573790767000048], [117.48354450600004, 5.488658060000034], [117.48354450600004, 5.275877839000032], [117.48040152600004, 5.269618478000041], [117.47202024600006, 5.268575245000022], [117.46678194600008, 5.274834617000067], [117.47805476700012, 4.82659209600007], [117.47805476700012, 4.813897607000058], [117.46812792800006, 4.793794042000059], [117.46696570600011, 4.785686897000062], [117.46812792800006, 4.771209614000043], [117.483817928, 4.733567250000021], [117.48265570600006, 4.71850973100004], [117.47916903900011, 4.709822551000059], [117.47103348300004, 4.702872730000024], [117.45185681600003, 4.693027031000042], [117.44662681600005, 4.68433953300007], [117.43326126000011, 4.675651929000026], [117.41466570400007, 4.675651929000026], [117.39781348100007, 4.682602021000037], [117.38909681400003, 4.691868704000058], [117.3803801470001, 4.704610192000075], [117.37689348100002, 4.713876582000069], [117.36004125800002, 4.73009246700002], [117.3391212570001, 4.739358517000028], [117.32982347900008, 4.753836471000056], [117.31994459000009, 4.76136488700007], [117.30076792300008, 4.760785781000038], [117.294956812, 4.75557380500004], [117.28798347800011, 4.753257359000031], [117.2833345890001, 4.749782674000073], [117.278104589, 4.737621142000023], [117.275780144, 4.721405433000029], [117.2618334770001, 4.706926801000066], [117.22231792100001, 4.691289540000071], [117.20837125300011, 4.68839371200005], [117.19326236400002, 4.68839371200005], [117.18105903000003, 4.690131210000061], [117.16130125200004, 4.699976950000064], [117.14967903000002, 4.702293575000056], [117.12701569600006, 4.69650199900002], [117.11190680600009, 4.697081159000049], [117.09331125000006, 4.705189345000065], [117.08924347200002, 4.69939779300006], [117.08401347200004, 4.674493573000063], [117.07471569400002, 4.653063652000071], [117.07006680500001, 4.646113267000032], [117.05321458200001, 4.633370717000048], [117.04798458200003, 4.625261701000056], [117.05321458200001, 4.613677233000033], [117.06832347200009, 4.600934099000028], [117.09273013900008, 4.59919638100007], [117.10086569500004, 4.595720933000052], [117.11829902900001, 4.571392322000065], [117.13515125100002, 4.552855683000075], [117.13747569600002, 4.545904320000034], [117.12004236200005, 4.536635732000036], [117.09040569400008, 4.53200139300003], [117.06251236000003, 4.499560191000057]]]}}, {"type": "Feature", "id": "Tuaran", "properties": {"district": "Tuaran", "rep_lon": 116.32325829944004, "rep_lat": 6.066844470500058}, "geometry": {"type": "Polygon", "coordinates": [[[116.41978422800003, 5.909662420000075], [116.4171070970001, 5.907725760000062], [116.41190034100009, 5.903286511000033], [116.40929696300009, 5.881089736000035], [116.39590816300006, 5.844463123000025], [116.39256096300005, 5.837803481000037], [116.38772611800005, 5.832253718000061], [116.38214745100004, 5.829293823000057], [116.37619687300003, 5.818934065000064], [116.37284967300002, 5.816714092000041], [116.36764291700001, 5.817454084000076], [116.3620642510001, 5.821894015000055], [116.35053500600009, 5.823373984000057], [116.34718780600008, 5.827813869000067], [116.34086531700007, 5.827813869000067], [116.33863385000006, 5.831143759000042], [116.34309678300008, 5.833733660000064], [116.34384060600007, 5.838173463000032], [116.32375740500004, 5.85075271200003], [116.32115402700003, 5.858892076000075], [116.310368605, 5.858152138000037], [116.30367420400012, 5.860741914000073], [116.2977236260001, 5.85963201200002], [116.28816129200004, 5.860616049000043], [116.28619438200008, 5.871470859000055], [116.28210335900008, 5.882939501000067], [116.27652469300006, 5.892558181000027], [116.26387971400004, 5.899587110000027], [116.26239207000003, 5.902176694000048], [116.26499544800004, 5.918823725000038], [116.25941678100003, 5.92622224400003], [116.25941678100003, 5.933620665000035], [116.24900326900001, 5.952116282000077], [116.24379651400011, 5.958034747000056], [116.25123473600001, 5.96543274000004], [116.25495384700002, 5.976529542000037], [116.25904487000003, 5.980228426000053], [116.26797073700004, 5.981707973000027], [116.27317749200006, 5.984297170000048], [116.27540895900006, 5.989475527000025], [116.27317749200006, 5.994653834000076], [116.27726851500006, 6.000201967000066], [116.27354940400005, 6.009818596000059], [116.27615278100006, 6.030160905000059], [116.27875615900007, 6.035338826000043], [116.28024380400007, 6.029421198000023], [116.28359100400007, 6.028311636000069], [116.28470673700008, 6.032749872000068], [116.28842584800009, 6.030530758000054], [116.29214496000009, 6.03718807100006], [116.29028540400009, 6.04236592500007], [116.29214496000009, 6.046064361000049], [116.27801233700006, 6.050872291000076], [116.26573927000004, 6.040516697000044], [116.26127633700003, 6.040146851000031], [116.25904487000003, 6.041626234000034], [116.25904487000003, 6.046434203000047], [116.24900326900001, 6.038297615000033], [116.2400774030001, 6.041256389000068], [116.23115153600008, 6.039407157000028], [116.22445713500008, 6.040516697000044], [116.21813464600007, 6.046064361000049], [116.21590318000005, 6.050872291000076], [116.21590318000005, 6.054940505000047], [116.21144024600005, 6.057159519000038], [116.20958069100004, 6.062707012000033], [116.21032451300005, 6.070103581000069], [116.21329980200005, 6.074171651000029], [116.21329980200005, 6.079718969000055], [116.20809304600004, 6.08341714900007], [116.20734922400004, 6.087854932000027], [116.20400202400003, 6.090073810000035], [116.19879526800003, 6.089334185000041], [116.191357046, 6.091922867000051], [116.19024131200001, 6.098209616000076], [116.19247277900001, 6.105605696000055], [116.18800984500001, 6.11891838400004], [116.191357046, 6.124835027000074], [116.1768525120001, 6.120397551000053], [116.16532326700008, 6.106715100000031], [116.16048842200007, 6.103756686000054], [116.15490975600005, 6.103017080000029], [116.14226477700004, 6.09783980900005], [116.13817375500003, 6.100798256000076], [116.13928948800003, 6.110043296000072], [116.13668611100002, 6.115220448000059], [116.13259508800002, 6.117809006000073], [116.13036362200012, 6.121876714000052], [116.13036362200012, 6.124835027000074], [116.13371082200001, 6.129642252000053], [116.13817375500003, 6.131860957000072], [116.13891757700003, 6.135928557000057], [116.1361747310001, 6.138655684000071], [116.14493788900006, 6.146790748000058], [116.145519, 6.160079297000038], [116.16760122300002, 6.183766755000022], [116.17457455600004, 6.193588073000058], [116.18329122300008, 6.219584796000049], [116.18910233400004, 6.22825008500007], [116.2193201130001, 6.249046195000062], [116.23268566900003, 6.262332166000022], [116.23152344700009, 6.275617799000031], [116.25418678100004, 6.286015015000032], [116.2652278920001, 6.287170248000052], [116.27626900400003, 6.290635933000033], [116.28266122600007, 6.297567233000052], [116.28556678200005, 6.31085196600003], [116.29486456000006, 6.315472663000037], [116.29513615300004, 6.301340497000069], [116.29414925900005, 6.30062709200007], [116.29288878200009, 6.299715917000071], [116.28879776000008, 6.297867587000042], [116.2973517160001, 6.292322558000023], [116.30739331600012, 6.291952887000036], [116.31631918300002, 6.293061899000065], [116.32933607200005, 6.298976586000038], [116.34272487200008, 6.303042895000033], [116.35848212600001, 6.30458341700006], [116.36343567300003, 6.298144837000052], [116.3738956730001, 6.277350683000066], [116.37505789500005, 6.265220376000059], [116.38028789600003, 6.250201511000057], [116.38842345100011, 6.241536584000073], [116.40178900700005, 6.233449190000044], [116.40992456300012, 6.223628616000042], [116.41166789700003, 6.182033562000072], [116.424452341, 6.154301708000048], [116.426776786, 6.138124125000047], [116.41689789700001, 6.124835027000074], [116.41341123000007, 6.114434634000077], [116.42387123000003, 6.095366720000072], [116.43316900800005, 6.082076562000054], [116.43723678600008, 6.063585360000047], [116.44769678600005, 6.062429639000072], [116.45234567600005, 6.055495260000043], [116.45757567600003, 6.038736809000056], [116.46164345400007, 6.030646337000064], [116.46687345400005, 6.021977841000023], [116.47384678700007, 6.016198766000059], [116.48430678800003, 6.015620855000066], [116.49883456600003, 6.019088311000075], [116.49999678800009, 6.012731292000069], [116.48314456500009, 5.991348045000052], [116.47733345400002, 5.980367134000062], [116.46745456500003, 5.969386002000022], [116.4488590090001, 5.956670732000021], [116.4250334520001, 5.922569238000051], [116.41978422800003, 5.909662420000075]]]}}]}